cid,skey,seed_layer,seed_kind,seed_index,score
236,10.mlp.29174,10,mlp,29174,2.092727897043505
5089,9.mlp.9180,9,mlp,9180,1.904863006620138
4848,11.attn.16497,11,attn,16497,1.7891138734555703
3907,11.attn.15279,11,attn,15279,1.7458393762150373
3887,11.attn.3084,11,attn,3084,1.6920526268972342
9626,1.resid.19090,1,resid,19090,1.6556458438401251
5150,9.attn.24229,9,attn,24229,1.5058995016424748
11400,11.attn.8046,11,attn,8046,1.5038151459271376
9620,1.resid.37165,1,resid,37165,1.4932444326046
11395,11.attn.1426,11,attn,1426,1.4873007705294088
13208,11.resid.16872,11,resid,16872,1.4655730673596834
7646,11.attn.9241,11,attn,9241,1.4567829959887
120,11.attn.22687,11,attn,22687,1.4515448676953988
7673,11.attn.35052,11,attn,35052,1.4364354774721435
12217,11.resid.12730,11,resid,12730,1.4309949875169683
10488,11.attn.28551,11,attn,28551,1.429025246161286
14188,11.mlp.20378,11,mlp,20378,1.4241770813468884
51,11.resid.23598,11,resid,23598,1.422305611187853
12914,4.mlp.26,4,mlp,26,1.4137323321757913
9456,11.resid.5899,11,resid,5899,1.406281377760206
719,7.mlp.34670,7,mlp,34670,1.3505779622122678
12356,11.attn.20202,11,attn,20202,1.3468413606597271
2029,11.attn.23772,11,attn,23772,1.3405860598708785
7260,4.mlp.19092,4,mlp,19092,1.33704681596963
9159,7.mlp.12942,7,mlp,12942,1.3345334376982076
6053,9.mlp.17646,9,mlp,17646,1.3329568953040984
11007,4.mlp.3292,4,mlp,3292,1.3280174239575455
1854,6.mlp.10497,6,mlp,10497,1.3076568208683619
2528,4.attn.27411,4,attn,27411,1.3034106805222674
12795,8.mlp.1589,8,mlp,1589,1.2997145301111341
7652,11.attn.2400,11,attn,2400,1.2981958746829738
6783,10.resid.18460,10,resid,18460,1.2958131140572076
8483,11.resid.12468,11,resid,12468,1.291582770956838
13330,10.resid.25765,10,resid,25765,1.2900413773448662
7084,8.resid.22220,8,resid,22220,1.2878991748704158
10942,4.attn.4546,4,attn,4546,1.2832593354150803
7784,10.mlp.40539,10,mlp,40539,1.2831533570756126
13072,5.mlp.3537,5,mlp,3537,1.2824883062461483
13409,1.resid.2319,1,resid,2319,1.2765260413100594
11034,7.mlp.18019,7,mlp,18019,1.2764804197793815
6028,2.resid.4163,2,resid,4163,1.2742593934013597
1927,11.resid.8702,11,resid,8702,1.2714777478634471
2947,11.attn.30203,11,attn,30203,1.2707730935528072
6074,9.attn.21770,9,attn,21770,1.2692364749342635
14110,11.resid.35298,11,resid,35298,1.2676500232911532
9316,5.mlp.12384,5,mlp,12384,1.265771639061198
9777,9.mlp.15011,9,mlp,15011,1.2655928688520128
920,6.mlp.16792,6,mlp,16792,1.2638184284574296
7310,4.resid.31095,4,resid,31095,1.2600070601809434
858,6.resid.22519,6,resid,22519,1.2524933423628597
2690,5.mlp.11451,5,mlp,11451,1.250690950397643
4058,10.attn.16271,10,attn,16271,1.2461310660961513
1127,10.resid.25024,10,resid,25024,1.245958540450517
1406,9.attn.16847,9,attn,16847,1.2420131388864568
8769,10.attn.26192,10,attn,26192,1.2418255889586827
2532,4.mlp.5826,4,mlp,5826,1.2302326368367908
2232,9.resid.8481,9,resid,8481,1.229186327308407
1215,10.attn.20603,10,attn,20603,1.2252942016713466
884,6.mlp.33748,6,mlp,33748,1.2245348683994357
4160,9.mlp.1674,9,mlp,1674,1.2198191200326558
486,3.mlp.18188,3,mlp,18188,1.2149419380457376
2946,11.attn.29096,11,attn,29096,1.214448985938714
9936,8.resid.37060,8,resid,37060,1.211140564602412
4084,9.resid.30382,9,resid,30382,1.2060423296461544
6012,2.resid.14906,2,resid,14906,1.2049533628607407
9522,11.attn.13101,11,attn,13101,1.2038461460101257
2328,9.attn.22928,9,attn,22928,1.2034146308995535
1765,5.mlp.20617,5,mlp,20617,1.2025426146461213
14006,5.mlp.1954,5,mlp,1954,1.1994115870804254
10726,9.mlp.33626,9,mlp,33626,1.1905035945892881
4143,2.resid.22077,2,resid,22077,1.1900579093983086
6899,2.mlp.36663,2,mlp,36663,1.1897377730287502
11719,9.attn.27179,9,attn,27179,1.1895044368750498
6382,7.mlp.29953,7,mlp,29953,1.1865068946844073
4730,11.resid.29942,11,resid,29942,1.185036249623432
11521,1.resid.37356,1,resid,37356,1.183347908053621
8791,2.mlp.34509,2,mlp,34509,1.1805476750371964
5585,6.mlp.32833,6,mlp,32833,1.1792742706300576
11173,5.mlp.37426,5,mlp,37426,1.1791540955222088
421,2.resid.40267,2,resid,40267,1.1775744431139148
9977,3.resid.19402,3,resid,19402,1.1755200471559675
4801,0.resid.4386,0,resid,4386,1.17312892743464
2954,11.attn.3126,11,attn,3126,1.1729839487161144
14914,5.mlp.36443,5,mlp,36443,1.1695735814342014
3723,6.mlp.14100,6,mlp,14100,1.1681688354228454
7640,0.resid.6609,0,resid,6609,1.1675113990969954
6148,3.mlp.1318,3,mlp,1318,1.1555072565135631
12621,2.resid.3558,2,resid,3558,1.1542429722389478
2377,8.resid.16415,8,resid,16415,1.1532198944635954
14374,10.attn.22690,10,attn,22690,1.1478283801059321
6202,3.resid.17247,3,resid,17247,1.147205186058266
8417,6.mlp.8229,6,mlp,8229,1.1464676340988609
9927,3.mlp.37470,3,mlp,37470,1.1458944618203246
235,1.resid.34168,1,resid,34168,1.145780053737314
12880,4.mlp.10618,4,mlp,10618,1.1454133290569577
10611,10.attn.16541,10,attn,16541,1.1444926541537677
5143,9.attn.26501,9,attn,26501,1.1403778211273614
706,4.resid.10983,4,resid,10983,1.1393284252943994
10354,11.resid.40146,11,resid,40146,1.1315880445449453
2897,11.mlp.32263,11,mlp,32263,1.130631002690489
6033,9.mlp.4152,9,mlp,4152,1.1288242178160757
1669,7.mlp.25013,7,mlp,25013,1.1269424262041288
5688,11.resid.10145,11,resid,10145,1.1267466915987974
2982,10.resid.12454,10,resid,12454,1.1259585457113412
14373,10.attn.39564,10,attn,39564,1.1246934242844953
13901,7.mlp.34533,7,mlp,34533,1.124369089252199
567,8.mlp.5382,8,mlp,5382,1.1242283657320287
7432,5.mlp.16529,5,mlp,16529,1.1222084506666232
12777,8.mlp.24138,8,mlp,24138,1.1218774647137564
208,10.resid.14806,10,resid,14806,1.1209295417852567
13458,10.attn.35054,10,attn,35054,1.1197488096105077
11326,11.resid.15853,11,resid,15853,1.1189268629536644
2176,10.attn.9609,10,attn,9609,1.1147900871759568
417,2.resid.35111,2,resid,35111,1.111244928667402
8667,1.resid.40959,1,resid,40959,1.1069067489907396
2714,5.mlp.32964,5,mlp,32964,1.1064603296100737
12626,9.mlp.10053,9,mlp,10053,1.105657179588271
5455,7.mlp.36988,7,mlp,36988,1.101795871546808
14360,1.resid.40308,1,resid,40308,1.0996474443671327
3675,6.resid.2942,6,resid,2942,1.098305590421366
12177,6.mlp.3541,6,mlp,3541,1.0979701263909256
10358,11.resid.30729,11,resid,30729,1.0971073039479773
12336,11.attn.33607,11,attn,33607,1.09677825435537
10276,6.mlp.24900,6,mlp,24900,1.0955699114042017
14510,2.resid.12054,2,resid,12054,1.0950471297770323
1453,3.mlp.21579,3,mlp,21579,1.0933574502853278
3242,2.resid.17475,2,resid,17475,1.0932912663991168
837,5.mlp.33096,5,mlp,33096,1.0915056822384697
10097,4.mlp.12536,4,mlp,12536,1.0902668882533297
11224,6.mlp.5782,6,mlp,5782,1.089583178325712
2205,2.mlp.32342,2,mlp,32342,1.0894301175950178
5556,5.mlp.35180,5,mlp,35180,1.0889968691279157
6896,9.resid.28465,9,resid,28465,1.0847547691242199
6771,10.resid.21485,10,resid,21485,1.0847110857277338
8139,4.attn.12304,4,attn,12304,1.0845003595924627
3825,11.resid.18587,11,resid,18587,1.0826753929909918
9547,11.attn.31644,11,attn,31644,1.0807296038149758
11198,6.mlp.35597,6,mlp,35597,1.0791113259717569
11076,7.mlp.32601,7,mlp,32601,1.0776289115533733
14368,10.attn.25029,10,attn,25029,1.0755503878138915
7327,7.mlp.38300,7,mlp,38300,1.0746481281466722
344,9.resid.19457,9,resid,19457,1.073408545666417
9161,7.mlp.29114,7,mlp,29114,1.0721614656014584
1838,6.mlp.13829,6,mlp,13829,1.0718724926483216
3551,7.mlp.25027,7,mlp,25027,1.0688333526601703
11046,7.mlp.38680,7,mlp,38680,1.0674292838805095
6039,9.mlp.21783,9,mlp,21783,1.0650200759964978
14686,8.mlp.38053,8,mlp,38053,1.0648118524011811
3077,1.resid.25478,1,resid,25478,1.0641828867306935
233,1.resid.12137,1,resid,12137,1.0606364999544975
14455,9.resid.8463,9,resid,8463,1.0597232902461045
14073,6.mlp.18949,6,mlp,18949,1.0566720422376088
4062,10.attn.27934,10,attn,27934,1.0562487081024312
3512,4.mlp.40934,4,mlp,40934,1.054278418777693
2013,1.attn.28513,1,attn,28513,1.0534987690818614
1839,5.resid.17670,5,resid,17670,1.0518312223541533
1452,8.resid.1991,8,resid,1991,1.051188397606119
13111,6.mlp.15613,6,mlp,15613,1.0449963828630935
2803,6.mlp.25210,6,mlp,25210,1.0448432382332826
2771,6.mlp.12847,6,mlp,12847,1.0447363769931435
12076,5.mlp.2700,5,mlp,2700,1.0433194064551248
9325,6.mlp.21436,6,mlp,21436,1.0432486811629436
9003,3.resid.38461,3,resid,38461,1.0409850253100763
13662,3.mlp.37024,3,mlp,37024,1.0406468216916456
14008,5.mlp.12785,5,mlp,12785,1.0402191786596007
9479,0.resid.12578,0,resid,12578,1.038786378283353
12927,7.mlp.475,7,mlp,475,1.0386601910690367
13526,9.resid.103,9,resid,103,1.0381114300481664
1274,9.resid.37056,9,resid,37056,1.0379010280467944
2640,4.resid.22374,4,resid,22374,1.0355452888842431
7774,10.mlp.11519,10,mlp,11519,1.0350155203047076
12919,7.mlp.33154,7,mlp,33154,1.0341135646599537
7802,10.attn.25728,10,attn,25728,1.0328301569109821
10886,8.mlp.14359,8,mlp,14359,1.0311891982284282
2538,4.mlp.9141,4,mlp,9141,1.0282101144051385
9318,5.mlp.24075,5,mlp,24075,1.0281932225354498
4937,10.mlp.14078,10,mlp,14078,1.0281698084877968
8699,1.resid.15725,1,resid,15725,1.0281677111368515
10716,9.mlp.32555,9,mlp,32555,1.0257438805105301
3645,6.resid.36079,6,resid,36079,1.0257078716045687
12028,7.attn.18055,7,attn,18055,1.024989932219396
6304,7.resid.17364,7,resid,17364,1.024843721682163
872,6.mlp.25720,6,mlp,25720,1.0220496485118853
8433,6.mlp.21451,6,mlp,21451,1.0207123048861013
7012,9.attn.12331,9,attn,12331,1.0204068331261653
4288,8.resid.306,8,resid,306,1.0190945254580117
7438,5.mlp.29907,5,mlp,29907,1.017502473107856
13426,10.attn.3325,10,attn,3325,1.0171413022740663
13850,4.mlp.17485,4,mlp,17485,1.0162994402736445
2265,2.resid.34402,2,resid,34402,1.0161794329138083
8035,3.mlp.28141,3,mlp,28141,1.0121709411873507
13818,4.mlp.11999,4,mlp,11999,1.0113375614196127
741,7.mlp.19667,7,mlp,19667,1.0109871397636845
10874,8.mlp.7826,8,mlp,7826,1.0108453768223769
2716,5.mlp.1260,5,mlp,1260,1.0104279807983885
7272,4.mlp.8666,4,mlp,8666,1.0100690685308809
13572,9.mlp.17239,9,mlp,17239,1.0098143141845974
7830,10.attn.11705,10,attn,11705,1.009616952913855
12704,3.mlp.26882,3,mlp,26882,1.00898709659837
3285,9.attn.22192,9,attn,22192,1.0087692860738389
10499,10.resid.21641,10,resid,21641,1.0082641587922483
3709,6.mlp.32579,6,mlp,32579,1.0077349861577065
10901,3.resid.19274,3,resid,19274,1.0073916563889906
6796,1.resid.20172,1,resid,20172,1.0059104622144712
14461,9.resid.3292,9,resid,3292,1.0051264617612237
4795,0.resid.1511,0,resid,1511,1.0051079851937026
14029,6.mlp.14122,6,mlp,14122,1.005037927663699
3390,3.resid.30283,3,resid,30283,1.0042327773354516
4348,8.mlp.31678,8,mlp,31678,1.0039939227928945
12921,7.mlp.31071,7,mlp,31071,1.0022213296257914
13716,3.resid.5448,3,resid,5448,1.0019465375738903
10207,5.mlp.29522,5,mlp,29522,1.0011966551528881
6494,5.mlp.40657,5,mlp,40657,1.0006513545124398
4524,7.mlp.12251,7,mlp,12251,1.0000327293552502
4781,0.resid.1043,0,resid,1043,0.9993831265451141
6363,4.resid.24841,4,resid,24841,0.9992655089632365
6320,7.resid.39312,7,resid,39312,0.9981918526735706
6476,5.mlp.19343,5,mlp,19343,0.9952005700060669
8965,3.mlp.5803,3,mlp,5803,0.9940031449615793
6855,10.attn.8004,10,attn,8004,0.9930143929927316
9987,3.resid.33227,3,resid,33227,0.992623180735085
13441,10.attn.14721,10,attn,14721,0.9912914323852033
675,7.resid.10790,7,resid,10790,0.9912765956732222
14054,5.resid.16793,5,resid,16793,0.9899547800522418
9015,3.resid.36740,3,resid,36740,0.9893301333417159
5874,1.resid.11129,1,resid,11129,0.9892849413247019
7172,8.mlp.10303,8,mlp,10303,0.9882143021936027
8616,10.resid.23683,10,resid,23683,0.9881664547060074
4334,8.mlp.12450,8,mlp,12450,0.9867185310998522
1235,10.attn.29343,10,attn,29343,0.9856226444968804
4050,10.attn.3953,10,attn,3953,0.9842498216403628
5289,8.mlp.15708,8,mlp,15708,0.9841965973238302
2710,5.mlp.40779,5,mlp,40779,0.9834162787882009
353,2.mlp.14418,2,mlp,14418,0.9833906236004266
7636,0.resid.35320,0,resid,35320,0.9833182577235506
682,4.mlp.14480,4,mlp,14480,0.9832675197068429
815,5.mlp.9156,5,mlp,9156,0.9807735775407833
1667,7.mlp.24138,7,mlp,24138,0.9806915898731795
8012,8.resid.22299,8,resid,22299,0.9771426839691951
1615,7.resid.16318,7,resid,16318,0.9764327318896878
525,8.resid.2734,8,resid,2734,0.9762400954331089
12740,3.mlp.24147,3,mlp,24147,0.9759507452810989
10561,10.mlp.14093,10,mlp,14093,0.9755911951258339
2570,4.mlp.21372,4,mlp,21372,0.9750358130083596
3472,4.mlp.13443,4,mlp,13443,0.9740443057847346
3735,6.mlp.21415,6,mlp,21415,0.9724912752672117
4604,6.resid.26490,6,resid,26490,0.9711762040598815
5514,5.mlp.12862,5,mlp,12862,0.9692347445706181
6529,6.mlp.40844,6,mlp,40844,0.9682550860739649
1504,8.mlp.21659,8,mlp,21659,0.9681453169189854
3729,6.mlp.24408,6,mlp,24408,0.9679929928432077
7085,3.mlp.2437,3,mlp,2437,0.9664790693620992
6134,3.mlp.32570,3,mlp,32570,0.9664771750814122
5405,7.resid.10074,7,resid,10074,0.9659429498849829
7908,2.resid.40211,2,resid,40211,0.9658009928264303
1592,4.mlp.7826,4,mlp,7826,0.9645352258723119
9683,10.attn.14191,10,attn,14191,0.9634134615252634
10286,6.mlp.19632,6,mlp,19632,0.9626491551228101
3585,7.mlp.23179,7,mlp,23179,0.9622871843099119
14928,5.mlp.6072,5,mlp,6072,0.9621657772489284
2458,3.resid.39024,3,resid,39024,0.9620888977134197
8010,8.resid.1629,8,resid,1629,0.9618896261113641
1683,7.mlp.24118,7,mlp,24118,0.9605448972393973
13721,8.mlp.40066,8,mlp,40066,0.9601815708392827
594,4.attn.19822,4,attn,19822,0.9598433129316231
12546,9.resid.1019,9,resid,1019,0.9596922548175112
3932,10.resid.9668,10,resid,9668,0.95960562690153
5372,4.mlp.5198,4,mlp,5198,0.9589511426134185
14028,5.resid.13677,5,resid,13677,0.9576445640120154
2429,8.mlp.28739,8,mlp,28739,0.9568635160208896
1505,3.resid.34833,3,resid,34833,0.9554688685966886
9190,4.resid.21992,4,resid,21992,0.955461084651582
10109,4.resid.5740,4,resid,5740,0.9552725291233491
14601,3.mlp.18151,3,mlp,18151,0.9545534752610804
819,5.mlp.38754,5,mlp,38754,0.9538324188831545
10110,7.mlp.22800,7,mlp,22800,0.9531422039019166
3341,8.resid.32569,8,resid,32569,0.952199115874439
13875,7.mlp.8395,7,mlp,8395,0.9519952358120815
9142,4.mlp.31535,4,mlp,31535,0.9519704080014388
13611,9.attn.24049,9,attn,24049,0.9512054512737986
8979,3.mlp.6118,3,mlp,6118,0.9498013503288497
1226,10.attn.31129,10,attn,31129,0.9468419109111743
749,7.mlp.3277,7,mlp,3277,0.9429592749293446
4304,8.resid.40031,8,resid,40031,0.9425522904040393
14916,5.mlp.29712,5,mlp,29712,0.9400710057128163
14439,9.resid.6756,9,resid,6756,0.9383777873022803
9049,3.resid.6422,3,resid,6422,0.9380863026124807
14798,4.mlp.31411,4,mlp,31411,0.9376103280874073
7877,9.resid.9093,9,resid,9093,0.9375458004749877
8792,9.resid.15172,9,resid,15172,0.936772303874697
818,6.resid.34272,6,resid,34272,0.9343755662557867
3731,6.mlp.24852,6,mlp,24852,0.933945160475543
6354,7.mlp.1497,7,mlp,1497,0.932727236737955
12153,6.mlp.33982,6,mlp,33982,0.9313470940288312
2440,3.resid.21260,3,resid,21260,0.9305187869509102
664,4.mlp.35684,4,mlp,35684,0.9300457093749295
10912,8.mlp.36274,8,mlp,36274,0.9294826129483079
407,2.resid.22960,2,resid,22960,0.9288941833681083
8850,9.mlp.31365,9,mlp,31365,0.9286580997992404
10264,6.mlp.14570,6,mlp,14570,0.9286270654583865
8056,8.resid.11962,8,resid,11962,0.9284730244969787
3728,5.resid.22795,5,resid,22795,0.9274590087269898
4328,8.mlp.18809,8,mlp,18809,0.9271870680842114
1847,5.resid.9998,5,resid,9998,0.9271745615584888
7953,9.attn.18398,9,attn,18398,0.9259054598091747
245,1.resid.32901,1,resid,32901,0.9254137578682089
7473,6.mlp.18168,6,mlp,18168,0.9250498326619084
8432,5.resid.36185,5,resid,36185,0.9246490210166842
6686,0.resid.8251,0,resid,8251,0.9246280107539343
6299,4.mlp.31463,4,mlp,31463,0.9223421994975716
4819,0.resid.16619,0,resid,16619,0.922157934646247
6381,4.resid.26669,4,resid,26669,0.9216416088143135
8990,8.resid.6924,8,resid,6924,0.9208372067410551
7331,7.mlp.38111,7,mlp,38111,0.9193637980590765
13473,2.mlp.33656,2,mlp,33656,0.9189766700122524
748,4.resid.12415,4,resid,12415,0.9186999014588032
12003,4.resid.27325,4,resid,27325,0.9148158497235783
8039,3.mlp.29584,3,mlp,29584,0.9144284052787464
11767,3.mlp.804,3,mlp,804,0.9130320869116453
8247,7.mlp.1641,7,mlp,1641,0.9125369570395705
5375,7.resid.6442,7,resid,6442,0.9105144857202454
12750,3.resid.3762,3,resid,3762,0.9098642099517378
4954,1.resid.33071,1,resid,33071,0.9075013541796759
6118,3.mlp.35341,3,mlp,35341,0.907442213033352
4641,5.resid.35002,5,resid,35002,0.9068758644668173
8104,8.mlp.22734,8,mlp,22734,0.9067559474602355
12760,3.resid.21022,3,resid,21022,0.9061276345773759
3316,3.mlp.2196,3,mlp,2196,0.9034790533262328
1469,3.mlp.36792,3,mlp,36792,0.9034137567295527
13048,5.mlp.12873,5,mlp,12873,0.9023714586292974
12603,2.resid.7959,2,resid,7959,0.8989216348469045
11343,0.resid.39670,0,resid,39670,0.8970180717472435
13401,1.resid.28936,1,resid,28936,0.8960963063513698
3069,1.resid.29196,1,resid,29196,0.8952136093307829
527,8.resid.26994,8,resid,26994,0.8947226534105509
2146,1.resid.20912,1,resid,20912,0.8930706461470088
11653,2.resid.15376,2,resid,15376,0.893057358932128
2378,3.mlp.28374,3,mlp,28374,0.8915864721554305
14324,1.resid.7843,1,resid,7843,0.8823889727657848
5275,8.mlp.30913,8,mlp,30913,0.8797242175365717
10027,8.attn.28611,8,attn,28611,0.8783788234304254
6060,2.resid.18815,2,resid,18815,0.875710944424528
8064,8.mlp.17420,8,mlp,17420,0.8749088145642654
377,2.resid.11138,2,resid,11138,0.873680790776984
2483,8.attn.38035,8,attn,38035,0.8722228240347857
11661,2.resid.8075,2,resid,8075,0.8677077836870257
11659,2.resid.702,2,resid,702,0.8626549362175236
9770,2.mlp.11004,2,mlp,11004,0.8597768858574002
6052,2.resid.13958,2,resid,13958,0.8574997757032528
8659,1.mlp.25126,1,mlp,25126,0.8520627258846616
7922,2.resid.25185,2,resid,25185,0.8516781430755653
12623,2.resid.3692,2,resid,3692,0.8508369168185477
9828,2.resid.26305,2,resid,26305,0.8473968084534382
11645,2.resid.5028,2,resid,5028,0.8459399449336203
8771,2.mlp.33844,2,mlp,33844,0.8456262410105921
14504,2.resid.1052,2,resid,1052,0.8426481624530993
13259,0.resid.13158,0,resid,13158,0.8418924000469797
12543,2.mlp.9228,2,mlp,9228,0.8401306179494205
5116,2.resid.687,2,resid,687,0.8366949229513623
4821,0.resid.36071,0,resid,36071,0.8294952195013188
11619,2.mlp.23814,2,mlp,23814,0.8290929293485381
1106,1.mlp.30144,1,mlp,30144,0.827649874507699
3991,1.resid.10288,1,resid,10288,0.8249537325073206
10592,1.resid.18221,1,resid,18221,0.8209740442874714
12410,1.mlp.8945,1,mlp,8945,0.8135463513440311
14308,1.mlp.23525,1,mlp,23525,0.8102705402594801
12436,1.resid.8049,1,resid,8049,0.8073449763610807
6830,1.resid.36459,1,resid,36459,0.8008045880458543
10554,1.resid.21712,1,resid,21712,0.7986362191386998
7769,1.resid.18145,1,resid,18145,0.7977575032823483
5711,0.resid.38022,0,resid,38022,0.7974058978056958
12432,1.resid.22638,1,resid,22638,0.7924727407075296
3037,1.resid.10900,1,resid,10900,0.7876707520312222
3969,1.mlp.17070,1,mlp,17070,0.7832342028145882
5749,0.resid.17316,0,resid,17316,0.7764341035045356
4007,1.resid.36525,1,resid,36525,0.7764058813997718
8522,0.resid.15211,0,resid,15211,0.7215577480836515
13229,0.resid.28812,0,resid,28812,0.7158062173130461
12292,0.resid.29342,0,resid,29342,0.704204277804742
96,0.resid.32683,0,resid,32683,0.6845832037053189
12318,0.resid.1466,0,resid,1466,0.6818968677066617
8568,0.resid.10328,0,resid,10328,0.6757838933482863
3880,0.resid.11812,0,resid,11812,0.6750942210515258
9483,0.resid.9981,0,resid,9981,0.6690270663346812
10445,0.resid.28308,0,resid,28308,0.6602839089957987
12312,0.resid.33004,0,resid,33004,0.659127668864523
2926,0.resid.15817,0,resid,15817,0.6488113944087418
7642,0.resid.17997,0,resid,17997,0.6434897246627925
3856,0.resid.2347,0,resid,2347,0.6239110494717753
9499,0.resid.37830,0,resid,37830,0.6191836093674195
4817,0.resid.12730,0,resid,12730,0.6138178333787903
1009,0.resid.18909,0,resid,18909,0.5588462611132327
11361,0.resid.7361,0,resid,7361,0.5294640095795846
10433,0.resid.37559,0,resid,37559,0.5086445660689558
13233,0.resid.16698,0,resid,16698,0.4973961518900801
13245,0.resid.11781,0,resid,11781,0.49380103277907816
