family,n_circuits,n_core,mutual,either,rand_mutual,rand_either
0,921,8,0.0,0.07142857142857142,0.0,0.007142857142857143
1,873,8,0.0,0.0,0.0,0.0
2,819,8,0.0,0.0,0.0,0.02857142857142857
3,705,8,0.0,0.03571428571428571,0.0,0.0
4,674,8,0.39285714285714285,0.6785714285714286,0.0,0.0
5,662,8,0.0,0.0,0.0,0.0
6,500,8,0.14285714285714285,0.32142857142857145,0.0,0.007142857142857143
7,463,8,0.2857142857142857,0.7142857142857143,0.0,0.0
8,462,8,0.0,0.0,0.0,0.0
9,431,8,0.0,0.0,0.0,0.0
10,377,8,0.14285714285714285,0.5,0.0,0.0
11,360,8,0.0,0.0,0.0,0.0
12,350,8,0.0,0.0,0.0,0.0
13,344,8,0.42857142857142855,0.5357142857142857,0.0,0.0
14,337,5,0.0,0.0,0.0,0.0
15,336,8,0.0,0.0,0.0,0.0
16,315,8,0.7142857142857143,0.8571428571428571,0.0,0.0
17,313,3,0.0,0.0,0.0,0.0
18,281,8,0.0,0.25,0.0,0.0
19,271,8,0.6785714285714286,1.0,0.0,0.0
20,258,8,0.0,0.0,0.0,0.0
21,240,8,0.07142857142857142,0.2857142857142857,0.0,0.0
22,227,8,0.4642857142857143,0.8214285714285714,0.0,0.0
23,221,8,1.0,1.0,0.0,0.007142857142857143
24,217,3,1.0,1.0,0.0,0.0
25,206,8,0.0,0.0,0.0,0.0
26,201,3,1.0,1.0,0.0,0.0
27,173,3,1.0,1.0,0.0,0.06666666666666667
28,169,11,0.0,0.0,0.0,0.0
29,160,8,0.7857142857142857,1.0,0.0,0.0
