node,l,k,i,alpha,anchor,fire,pos_max,neg_max,contrib
8.resid.26816,8,resid,26816,2.345,14.9541015625,1.0,18.0146484375,19.9937744140625,35.071611225448436
9.resid.9522,9,resid,9522,2.7801,11.46240234375,1.0,15.845703125,20.4599609375,31.868714094593017
8.resid.38219,8,resid,38219,2.8454,7.48583984375,1.0,11.9658203125,9.068359375,21.298141796651507
8.resid.28274,8,resid,28274,1.2667,14.2744140625,1.0,16.1806640625,1.9703369140625,18.0838165758286
7.resid.20377,7,resid,20377,1.884,9.35595703125,1.0,12.998046875,12.224609375,17.62745934724482
8.attn.7416,8,attn,7416,1.9563,8.25048828125,1.0,9.30908203125,3.27813720703125,16.135231335536613
9.resid.29339,9,resid,29339,1.3477,11.8271484375,1.0,12.7412109375,1.031494140625,15.939484051693801
9.resid.4310,9,resid,4310,1.8667,8.238037109375,1.0,13.197265625,8.08544921875,15.377008026653924
9.resid.9633,9,resid,9633,1.0569,13.7548828125,1.0,16.9677734375,3.8746337890625,14.538298168621491
8.attn.31705,8,attn,31705,1.6561,8.216796875,1.0,8.96337890625,5.591064453125,13.604759216965956
7.resid.26272,7,resid,26272,2.3554,5.7666015625,1.0,9.65576171875,6.483642578125,13.580930514439007
8.resid.8053,8,resid,8053,1.9004,6.759033203125,1.0,8.59423828125,3.31591796875,12.845355160770065
9.resid.3478,9,resid,3478,1.9361,6.28466796875,0.9375,9.22412109375,3.4671630859375,12.167375049422422
8.attn.29500,8,attn,29500,2.097,5.478759765625,1.0,7.20458984375,3.2060546875,11.490408255441638
9.resid.1275,9,resid,1275,1.6205,6.85693359375,1.0,8.43310546875,2.919921875,11.111272777004197
8.resid.18574,8,resid,18574,1.4423,7.21875,1.0,8.27685546875,3.003173828125,10.412782226821035
7.attn.12727,7,attn,12727,1.5854,6.4404296875,1.0,8.583984375,5.71044921875,10.211187928027007
8.mlp.13614,8,mlp,13614,1.6173,5.91845703125,1.0,7.08642578125,1.0101318359375,9.572949794428599
8.attn.6009,8,attn,6009,1.0915,8.6201171875,1.0,9.12158203125,9.0101318359375,9.409065410460634
7.attn.22080,7,attn,22080,1.0565,8.4951171875,1.0,10.6669921875,7.4029541015625,8.975931191286714
10.mlp.32179,10,mlp,32179,2.6532,3.361328125,0.84375,7.552978515625,2.774169921875,8.91708293668907
9.resid.15501,9,resid,15501,1.1922,7.1376953125,0.96875,9.2744140625,0.9781494140625,8.508376525005069
8.resid.20769,8,resid,20769,0.9673,8.19921875,1.0,9.568359375,2.058624267578125,7.931747210564837
8.attn.2433,8,attn,2433,1.3558,4.684814453125,1.0,5.27392578125,1.0449066162109375,6.352782973202155
8.attn.1581,8,attn,1581,1.0836,5.814697265625,1.0,6.24853515625,3.09649658203125,6.300625313969532
10.mlp.32259,10,mlp,32259,2.023,3.101318359375,0.953125,4.25732421875,0.6915283203125,6.274118867791811
7.resid.20878,7,resid,20878,3.7819,1.6357421875,0.390625,5.572021484375,8.44140625,6.18734905822319
9.resid.28771,9,resid,28771,1.2404,4.92236328125,0.9375,7.02978515625,1.3739013671875,6.105990556498244
8.attn.8208,8,attn,8208,1.4613,3.93701171875,1.0,4.677490234375,1.407867431640625,5.75226227453918
5.attn.33630,5,attn,33630,1.2347,4.591796875,1.0,8.35302734375,9.1015625,5.671411032789758
9.resid.14949,9,resid,14949,2.2585,2.396728515625,0.53125,5.908447265625,0.9715576171875,5.412374137316867
0.attn.5663,0,attn,5663,1.4094,3.737548828125,1.0,4.154541015625,4.19384765625,5.268789571188059
9.attn.20520,9,attn,20520,1.4849,3.543212890625,1.0,3.8486328125,0.00689697265625,5.260834819748741
0.mlp.1349,0,mlp,1349,1.1776,4.462890625,0.9375,10.6259765625,7.490966796875,5.25477450788021
8.resid.18024,8,resid,18024,2.1542,2.388427734375,0.609375,6.644287109375,5.080322265625,5.14516819918498
8.attn.20991,8,attn,20991,1.1511,4.1923828125,1.0,4.8349609375,1.202880859375,4.825946202433622
10.attn.20765,10,attn,20765,1.6567,2.88079833984375,1.0,4.2275390625,1.771942138671875,4.773080020343351
7.attn.1796,7,attn,1796,0.9871,4.7744140625,1.0,6.650390625,2.399993896484375,4.713432002127054
6.resid.18984,6,resid,18984,3.475,1.3138427734375,0.625,4.11328125,4.65087890625,4.565250139288583
9.mlp.10887,9,mlp,10887,0.9869,4.58056640625,1.0,6.59326171875,1.6123046875,4.52045859668405
4.resid.5961,4,resid,5961,3.5505,1.25225830078125,0.859375,3.352783203125,3.26300048828125,4.446360405763357
0.resid.6299,0,resid,6299,1.2846,3.4322509765625,1.0,7.40185546875,8.205078125,4.410033558661299
7.attn.23053,7,attn,23053,0.8981,4.82373046875,1.0,6.1259765625,2.945281982421875,4.332471726709925
8.attn.34170,8,attn,34170,1.0561,4.019775390625,1.0,4.6552734375,2.734466552734375,4.245312118217786
10.attn.18148,10,attn,18148,3.0732,1.363800048828125,1.0,1.9693603515625,1.947021484375,4.19181138392098
8.mlp.2947,8,mlp,2947,2.4088,1.7320556640625,0.734375,3.847412109375,0.954833984375,4.172022744748269
1.attn.13899,1,attn,13899,1.369,3.01806640625,1.0,4.123779296875,4.210693359375,4.13346222141356
7.attn.34987,7,attn,34987,1.0112,4.052490234375,0.984375,7.240478515625,4.323577880859375,4.097337838315219
7.resid.32259,7,resid,32259,1.4946,2.6002197265625,0.609375,8.26171875,5.3463134765625,3.8856764082216277
7.resid.34367,7,resid,34367,2.0663,1.8583984375,0.4375,6.2060546875,5.54296875,3.8403424018783614
9.resid.18346,9,resid,18346,1.0058,3.66015625,0.625,8.29833984375,2.5350341796875,3.6812616184805056
4.resid.9408,4,resid,9408,3.0543,1.20263671875,0.6875,2.73193359375,3.261962890625,3.6731325410056828
9.mlp.20797,9,mlp,20797,0.9976,3.610107421875,0.84375,5.9091796875,1.394256591796875,3.600906721874059
9.resid.38861,9,resid,38861,1.0391,3.383544921875,0.890625,4.837158203125,1.2772216796875,3.5160456402330746
8.mlp.26988,8,mlp,26988,1.3026,2.6846923828125,0.875,5.359130859375,1.910888671875,3.4973596104382945
6.resid.36529,6,resid,36529,2.0795,1.6385498046875,0.703125,6.469482421875,6.359619140625,3.4067190868591677
1.attn.35565,1,attn,35565,1.8126,1.8192138671875,1.0,2.4857177734375,2.2952880859375,3.298706383851389
7.resid.25143,7,resid,25143,0.9967,3.2593994140625,0.96875,4.82275390625,1.1142578125,3.2488381920371276
10.attn.39348,10,attn,39348,0.988,3.28753662109375,1.0,4.642333984375,2.18914794921875,3.2484029129143455
6.resid.23473,6,resid,23473,1.3054,2.445068359375,0.78125,6.919921875,5.225341796875,3.1915376876585357
10.attn.17515,10,attn,17515,1.1413,2.78863525390625,1.0,3.595947265625,0.0,3.1826705534944826
10.attn.28416,10,attn,28416,1.0646,2.930419921875,0.875,4.24267578125,2.8143310546875,3.119684697655702
9.mlp.7727,9,mlp,7727,3.4346,0.89208984375,0.4375,2.3673095703125,0.693359375,3.0639169892589333
10.mlp.17518,10,mlp,17518,3.5921,0.8521728515625,0.3125,4.291259765625,5.691650390625,3.060606046483781
5.attn.12067,5,attn,12067,1.9205,1.5880126953125,0.9375,3.10986328125,1.300750732421875,3.049669130992461
8.resid.29479,8,resid,29479,0.9868,3.061767578125,0.703125,6.021728515625,1.2838420867919922,3.0215082011130523
9.resid.21008,9,resid,21008,2.0718,1.370849609375,0.375,5.604248046875,1.7041015625,2.840177683256334
7.attn.10139,7,attn,10139,0.9758,2.8721923828125,0.96875,4.649658203125,4.1641845703125,2.8026843248300577
2.resid.35520,2,resid,35520,1.2693,2.170166015625,1.0,4.81201171875,2.75347900390625,2.7546452484191604
0.resid.17961,0,resid,17961,1.2589,2.16595458984375,0.9375,6.62158203125,4.3604736328125,2.7258846911478845
9.attn.26593,9,attn,26593,0.9945,2.7098388671875,1.0,3.385498046875,1.259124755859375,2.695415038997693
2.mlp.28752,2,mlp,28752,1.5453,1.73870849609375,0.84375,3.519287109375,3.3798828125,2.686337309234875
7.attn.29614,7,attn,29614,1.0001,2.64404296875,0.890625,4.794921875,2.90985107421875,2.6440559803092474
8.resid.40837,8,resid,40837,1.2158,2.143798828125,0.5625,4.64111328125,0.6904296875,2.6063655213339456
7.resid.17092,7,resid,17092,2.4557,1.0538330078125,0.46875,13.529296875,1.4403076171875,2.5883117262287856
1.mlp.621,1,mlp,621,1.1292,2.26898193359375,1.0,4.363037109375,4.9833984375,2.562263596397752
3.mlp.22720,3,mlp,22720,1.6962,1.505523681640625,0.921875,3.69091796875,3.623046875,2.5538467462997088
7.attn.34449,7,attn,34449,1.0021,2.5416259765625,1.0,3.2578125,0.0,2.5469265010771727
0.resid.29593,0,resid,29593,1.1424,2.21588134765625,0.96875,6.685546875,4.05877685546875,2.5320209579577204
9.resid.40862,9,resid,40862,0.9916,2.5166015625,0.625,4.951416015625,1.078125,2.495432361148484
9.resid.20436,9,resid,20436,1.002,2.455810546875,0.515625,4.997314453125,0.689208984375,2.460891719032894
8.mlp.35732,8,mlp,35732,1.0006,2.4039306640625,0.875,4.37841796875,1.18499755859375,2.405690446750625
6.attn.38065,6,attn,38065,3.2523,0.73504638671875,0.640625,2.833740234375,2.519775390625,2.3903162146614214
5.attn.18094,5,attn,18094,1.2266,1.92962646484375,0.546875,6.53271484375,6.1495361328125,2.3667055916440547
6.resid.23925,6,resid,23925,1.4949,1.565673828125,0.578125,6.5576171875,5.640380859375,2.3401095191357077
8.attn.33349,8,attn,33349,0.9929,2.32421875,1.0,2.617919921875,0.0,2.307484886496095
9.attn.2480,9,attn,2480,1.1863,1.9345703125,1.0,2.115966796875,0.3511810302734375,2.295242854257789
9.mlp.20450,9,mlp,20450,1.0,2.2904052734375,0.78125,5.752685546875,2.2830810546875,2.2906463656254346
4.resid.37820,4,resid,37820,1.7814,1.2724609375,0.671875,3.529541015625,3.03173828125,2.2666396399299966
2.resid.12157,2,resid,12157,1.4985,1.48382568359375,0.765625,5.572265625,4.7371826171875,2.2229941903629897
3.resid.600,3,resid,600,1.2302,1.806884765625,0.96875,4.557373046875,3.977508544921875,2.2227111917437927
8.mlp.13316,8,mlp,13316,1.9822,1.0980224609375,0.421875,3.0701904296875,2.0908203125,2.1765369652530353
9.resid.33618,9,resid,33618,1.5194,1.4287109375,0.359375,5.087646484375,1.654541015625,2.170756226795097
7.resid.14285,7,resid,14285,0.9991,2.170654296875,0.578125,7.720458984375,7.618408203125,2.1685519244125535
8.resid.27896,8,resid,27896,0.9901,2.188720703125,0.59375,5.47119140625,3.6993408203125,2.1670322182077504
8.attn.37244,8,attn,37244,1.0015,2.16107177734375,0.9375,2.543212890625,0.0,2.164117816263934
5.resid.30850,5,resid,30850,1.1555,1.8575439453125,0.890625,4.4013671875,4.56890869140625,2.146635105184003
7.attn.14132,7,attn,14132,1.5334,1.39215087890625,0.875,2.46826171875,1.787017822265625,2.1348834615376866
10.attn.33641,10,attn,33641,0.9856,2.1641845703125,0.90625,3.593017578125,2.099945068359375,2.1330515884278345
3.resid.10225,3,resid,10225,1.1437,1.85015869140625,0.734375,5.13916015625,4.86962890625,2.116427068385438
0.mlp.8497,0,mlp,8497,1.2382,1.65380859375,0.9375,6.4169921875,5.4849853515625,2.0476829423733114
5.resid.22541,5,resid,22541,0.9957,2.050537109375,0.703125,6.1357421875,4.965087890625,2.041945180765941
8.attn.39266,8,attn,39266,0.995,2.042236328125,0.84375,3.9134521484375,2.254119873046875,2.0320205439951677
8.mlp.34962,8,mlp,34962,0.9868,2.040771484375,0.796875,4.1763916015625,1.2379302978515625,2.0135819499652485
2.attn.21870,2,attn,21870,0.7449,2.6392822265625,1.0,4.692138671875,2.740966796875,1.9661562462424642
8.mlp.29685,8,mlp,29685,1.3819,1.403076171875,0.46875,3.4383544921875,1.39093017578125,1.9392132880614021
8.attn.5688,8,attn,5688,0.9848,1.94921875,0.96875,2.6397705078125,1.759918212890625,1.919779869919643
9.attn.33757,9,attn,33757,0.9769,1.9539794921875,1.0,2.57373046875,1.93634033203125,1.9088006963929975
8.attn.30657,8,attn,30657,1.0521,1.81353759765625,0.921875,3.00048828125,1.9412841796875,1.908018926048176
8.attn.36542,8,attn,36542,1.0109,1.8868408203125,0.875,2.9207763671875,1.9289779663085938,1.9075301708207173
6.attn.16736,6,attn,16736,1.5549,1.2108154296875,0.53125,3.3516845703125,2.174560546875,1.8828641156672425
6.resid.32,6,resid,32,0.5648,3.3074951171875,0.546875,13.330078125,16.8486328125,1.8693158617843872
4.resid.29885,4,resid,29885,2.1664,0.85650634765625,0.515625,3.625244140625,4.1663818359375,1.8557291201791726
2.attn.10679,2,attn,10679,1.3839,1.3300628662109375,0.84375,2.6864013671875,2.509033203125,1.8407826161420668
6.attn.14433,6,attn,14433,1.8489,0.991302490234375,0.625,3.7266845703125,3.18463134765625,1.8328534769785818
0.resid.35060,0,resid,35060,2.6046,0.7022705078125,0.8125,1.9862060546875,1.73089599609375,1.8293644612697362
3.resid.20706,3,resid,20706,1.7719,1.0269775390625,0.5625,2.597412109375,2.24041748046875,1.8195394582484254
9.resid.18479,9,resid,18479,1.0624,1.693359375,0.453125,4.441650390625,0.575927734375,1.7991350182324648
9.attn.30633,9,attn,30633,1.4184,1.268310546875,0.953125,2.041748046875,1.536865234375,1.7989092735339656
9.mlp.10035,9,mlp,10035,0.9792,1.8082275390625,0.609375,4.1629638671875,0.88525390625,1.770531237921724
3.resid.40627,3,resid,40627,1.8903,0.923126220703125,0.6875,2.55517578125,2.7391357421875,1.7447035259439392
6.resid.23139,6,resid,23139,1.0667,1.6302490234375,0.5625,6.181640625,6.1185302734375,1.7391653287980444
9.attn.26227,9,attn,26227,0.9755,1.78076171875,1.0,2.46405029296875,0.894439697265625,1.7370969207622549
7.attn.33580,7,attn,33580,1.6869,1.0289306640625,0.71875,2.9898681640625,2.90771484375,1.7354981909325835
5.resid.23996,5,resid,23996,2.1645,0.792724609375,0.5,2.84130859375,3.3048095703125,1.7156386668949415
5.resid.8320,5,resid,8320,1.9833,0.85211181640625,0.46875,3.878173828125,3.2374267578125,1.6905657216014058
0.resid.117,0,resid,117,0.7763,2.121826171875,0.96875,8.0869140625,5.792236328125,1.647425977772419
9.attn.6394,9,attn,6394,0.9586,1.708251953125,0.953125,2.3074951171875,0.8821563720703125,1.6374398429746186
8.attn.30014,8,attn,30014,1.2405,1.312744140625,1.0,2.1912841796875,1.7537078857421875,1.6287223432717728
6.resid.39285,6,resid,39285,0.9777,1.6170654296875,0.578125,4.66015625,4.7459716796875,1.5807408234806395
4.mlp.18078,4,mlp,18078,1.0163,1.54754638671875,0.84375,5.36181640625,4.5361328125,1.5731101853736436
10.attn.22891,10,attn,22891,0.9934,1.5823974609375,0.953125,2.16357421875,1.098968505859375,1.5718709980542394
8.resid.13262,8,resid,13262,0.9998,1.5693359375,0.46875,4.537353515625,1.1826171875,1.569357062545768
5.attn.19387,5,attn,19387,0.7279,2.14501953125,1.0,3.135986328125,2.8525390625,1.5612331493607257
2.mlp.14460,2,mlp,14460,2.8586,0.54443359375,0.671875,2.6107177734375,3.26416015625,1.5561018242644205
4.resid.21939,4,resid,21939,0.9836,1.581787109375,0.609375,5.42578125,5.145263671875,1.5560255224443624
0.mlp.25934,0,mlp,25934,1.2476,1.2464599609375,0.90625,3.84716796875,2.43316650390625,1.5551876310464576
7.attn.27740,7,attn,27740,1.6656,0.933349609375,0.375,4.9935302734375,3.31439208984375,1.5548363664224276
4.resid.20498,4,resid,20498,1.0374,1.4989013671875,0.40625,8.6865234375,9.4267578125,1.5548079077066448
6.resid.8483,6,resid,8483,4.0213,0.38055419921875,0.171875,5.843994140625,5.94140625,1.5300704848962998
5.resid.23211,5,resid,23211,1.601,0.947509765625,0.34375,6.8614501953125,2.826904296875,1.5171316740085603
3.resid.13553,3,resid,13553,1.5716,0.9581298828125,0.890625,3.888916015625,2.42193603515625,1.505741995303787
3.resid.2503,3,resid,2503,1.8997,0.7872314453125,0.359375,4.535888671875,5.25634765625,1.4952317028338422
5.resid.24342,5,resid,24342,0.7012,2.11669921875,0.46875,9.60107421875,12.84521484375,1.4845638973403257
5.attn.31360,5,attn,31360,1.0567,1.4016571044921875,0.890625,3.80029296875,3.8089599609375,1.4810746499330507
8.mlp.6129,8,mlp,6129,1.2428,1.1890869140625,0.515625,3.5611572265625,2.79473876953125,1.4779520677272753
7.resid.17701,7,resid,17701,1.0642,1.387451171875,0.390625,10.246826171875,4.718994140625,1.4763782120854188
3.resid.21167,3,resid,21167,1.1248,1.30108642578125,0.390625,7.22216796875,8.32861328125,1.4639154287539073
8.attn.35002,8,attn,35002,1.4297,1.02252197265625,0.796875,2.0819091796875,1.4925537109375,1.4621492218398198
8.resid.22264,8,resid,22264,0.9989,1.4617919921875,0.484375,3.264892578125,1.7015380859375,1.4601847172660927
8.resid.8992,8,resid,8992,1.0031,1.4505615234375,0.515625,3.741943359375,1.444091796875,1.4551725719685653
5.attn.5420,5,attn,5420,1.672,0.8648834228515625,0.71875,2.480224609375,1.679351806640625,1.4457150547944693
3.attn.2009,3,attn,2009,1.008,1.414154052734375,0.78125,3.2197265625,2.9595947265625,1.4254751018875977
0.resid.21682,0,resid,21682,1.501,0.948577880859375,0.671875,3.189453125,3.28173828125,1.423896531076527
2.resid.10120,2,resid,10120,0.9722,1.4388427734375,0.75,2.891357421875,2.27911376953125,1.3989084790798572
7.attn.24779,7,attn,24779,1.2059,1.1298828125,0.703125,2.802978515625,2.16656494140625,1.3624058946261823
5.attn.26260,5,attn,26260,1.0049,1.339111328125,1.0,1.9771728515625,0.019378662109375,1.345665434047012
8.resid.8986,8,resid,8986,1.2442,1.0498046875,0.484375,3.1005859375,1.5206298828125,1.306243444441934
6.attn.5098,6,attn,5098,0.984,1.309326171875,0.59375,4.648681640625,4.86279296875,1.2885692434245721
3.mlp.16436,3,mlp,16436,2.3375,0.54901123046875,0.765625,2.1524658203125,2.147705078125,1.2834047760584326
6.attn.24687,6,attn,24687,1.1388,1.121612548828125,0.828125,3.3824462890625,1.7789306640625,1.2772413617915925
3.attn.5072,3,attn,5072,1.1136,1.12908935546875,0.8125,3.01904296875,3.0494384765625,1.257423904070165
5.attn.9400,5,attn,9400,1.0043,1.2510986328125,0.9375,2.513427734375,1.244354248046875,1.2565613372099091
9.resid.32845,9,resid,32845,1.1057,1.1318359375,0.296875,4.685546875,0.9482421875,1.251427358905511
3.resid.18653,3,resid,18653,2.7078,0.460968017578125,0.484375,2.7076416015625,2.959228515625,1.2482978816845427
0.attn.712,0,attn,712,0.9251,1.326416015625,1.0,2.466064453125,2.6512451171875,1.2275844019400712
9.resid.4992,9,resid,4992,1.02,1.200439453125,0.265625,4.680419921875,1.6099853515625,1.224355991925113
5.attn.9936,5,attn,9936,0.9794,1.2411651611328125,0.9375,2.185791015625,1.56842041015625,1.2154784046802942
0.mlp.24314,0,mlp,24314,1.3222,0.9102325439453125,0.8125,4.269287109375,3.290802001953125,1.2035050937844725
5.resid.23593,5,resid,23593,1.0501,1.14007568359375,0.515625,4.876708984375,4.234619140625,1.196953069256638
2.resid.3457,2,resid,3457,0.9261,1.27862548828125,0.625,3.60595703125,1.704071044921875,1.184226959792032
7.resid.16091,7,resid,16091,1.0045,1.1773681640625,0.546875,4.652099609375,1.227294921875,1.1827214458622257
0.resid.21148,0,resid,21148,1.2099,0.9598388671875,0.484375,5.1953125,3.89593505859375,1.1610462192985163
0.mlp.25158,0,mlp,25158,0.9975,1.161041259765625,0.703125,3.623291015625,3.6759033203125,1.158140727529508
3.resid.5902,3,resid,5902,1.9278,0.59881591796875,0.328125,4.86328125,4.9320068359375,1.1542949411855894
5.attn.6842,5,attn,6842,2.411,0.462890625,0.53125,1.78277587890625,1.50537109375,1.1158061204975238
0.mlp.14054,0,mlp,14054,0.9992,1.113037109375,0.78125,3.1136474609375,2.60992431640625,1.1121879115125397
6.attn.15507,6,attn,15507,0.9972,1.11285400390625,0.671875,5.075927734375,2.8985595703125,1.1094406884928307
9.resid.30448,9,resid,30448,1.1117,0.997802734375,0.25,6.048583984375,1.5443115234375,1.1092160428670002
2.resid.20622,2,resid,20622,2.992,0.36614990234375,0.421875,2.2393798828125,2.04119873046875,1.0953878873496434
6.attn.9932,6,attn,9932,1.0018,1.0927734375,0.734375,3.7276611328125,3.044769287109375,1.0950561169981259
1.attn.26551,1,attn,26551,0.9856,1.0891876220703125,0.8125,2.355682373046875,0.4676055908203125,1.0737178006607107
9.resid.18401,9,resid,18401,1.0256,1.0439453125,0.296875,25.44140625,0.5791015625,1.0707610601654278
0.resid.32179,0,resid,32179,1.5848,0.6651611328125,0.53125,3.7060546875,3.31988525390625,1.0540491567415708
8.attn.18060,8,attn,18060,0.9697,1.06298828125,0.703125,1.947265625,1.904510498046875,1.0305643917217355
0.mlp.26944,0,mlp,26944,1.0082,1.020782470703125,0.625,2.71063232421875,2.9774169921875,1.0287487025992752
5.attn.15343,5,attn,15343,0.9945,1.02227783203125,0.75,5.9150390625,3.9892578125,1.0167243849662846
3.resid.39729,3,resid,39729,1.0048,1.0113525390625,0.53125,5.15771484375,3.437255859375,1.015715258068638
0.mlp.11515,0,mlp,11515,1.1162,0.904998779296875,0.59375,3.813720703125,4.69921875,1.0104820028960058
9.attn.5648,9,attn,5648,1.0412,0.969970703125,1.0,1.40771484375,0.006683349609375,1.009904240484291
3.resid.545,3,resid,545,1.9245,0.52215576171875,0.53125,7.96484375,0.9365234375,1.004741538966864
0.resid.12363,0,resid,12363,0.9543,1.052642822265625,0.90625,5.90380859375,0.0059814453125,1.0045226153953126
1.resid.23364,1,resid,23364,1.3863,0.711090087890625,0.859375,1.9764404296875,1.58984375,0.9856194920849011
0.mlp.12363,0,mlp,12363,0.9777,1.003265380859375,0.84375,7.009765625,0.0150909423828125,0.9808632130583191
5.attn.23298,5,attn,23298,1.0244,0.935394287109375,0.625,5.13427734375,4.4896240234375,0.9581597083063148
3.resid.17134,3,resid,17134,1.8697,0.51190185546875,0.5,2.75048828125,2.55126953125,0.9569467594006641
9.attn.30119,9,attn,30119,1.0231,0.9249267578125,0.796875,1.56103515625,0.9780120849609375,0.9462653230601942
7.attn.30159,7,attn,30159,1.1128,0.84991455078125,0.421875,7.29931640625,2.8734130859375,0.9460321648493119
0.resid.21961,0,resid,21961,0.9404,0.99432373046875,0.84375,3.780029296875,2.95263671875,0.9350311037403313
0.mlp.21961,0,mlp,21961,1.3344,0.696319580078125,0.78125,3.3271484375,2.7828369140625,0.9289706880726271
1.resid.6520,1,resid,6520,1.2182,0.754730224609375,0.703125,1.956298828125,2.14215087890625,0.919549581941872
5.attn.37240,5,attn,37240,0.776,1.182464599609375,0.90625,2.22314453125,1.090423583984375,0.9173950883727813
2.resid.8166,2,resid,8166,0.4476,2.0286865234375,1.0,4.89013671875,4.3599853515625,0.9082929524475708
0.mlp.39852,0,mlp,39852,1.4374,0.62677001953125,0.65625,3.2874755859375,2.71990966796875,0.900865366006866
5.attn.30610,5,attn,30610,1.3021,0.687286376953125,0.453125,4.30328369140625,4.83489990234375,0.8947590352260562
5.resid.19292,5,resid,19292,4.5198,0.19677734375,0.15625,2.51068115234375,3.7557373046875,0.8893949804496369
0.resid.36875,0,resid,36875,0.8111,1.08056640625,0.765625,3.867431640625,2.35919189453125,0.8763533272630448
2.attn.28908,2,attn,28908,0.6676,1.30731201171875,0.96875,2.879638671875,2.8675994873046875,0.8725162217099729
6.attn.8943,6,attn,8943,2.2601,0.385650634765625,0.4375,1.929931640625,1.69091796875,0.8716757059309201
0.mlp.3534,0,mlp,3534,1.022,0.8466796875,0.71875,3.130859375,3.10205078125,0.8652271615545033
3.attn.1229,3,attn,1229,1.0662,0.804290771484375,0.625,2.75396728515625,2.626129150390625,0.8573748877970265
6.resid.15448,6,resid,15448,3.0448,0.2813720703125,0.1875,5.134765625,6.471435546875,0.856804097938002
0.mlp.15611,0,mlp,15611,1.0765,0.783782958984375,0.84375,2.39599609375,1.757080078125,0.8437325486088221
8.attn.2251,8,attn,2251,1.4566,0.575439453125,0.421875,2.6744384765625,2.7215576171875,0.8383903419745736
0.resid.26166,0,resid,26166,1.2049,0.6884918212890625,0.875,3.3004150390625,1.1088104248046875,0.8295738824256823
2.attn.6466,2,attn,6466,0.973,0.847564697265625,0.96875,1.8582763671875,1.0431976318359375,0.8247323578927317
0.mlp.12456,0,mlp,12456,1.1788,0.691741943359375,0.765625,2.8956298828125,2.512939453125,0.815308415070497
0.mlp.26166,0,mlp,26166,1.2487,0.6491241455078125,0.875,3.1624755859375,1.0911865234375,0.8105854771053937
8.attn.36205,8,attn,36205,1.0038,0.8040771484375,0.59375,1.7962646484375,1.699615478515625,0.8071263393416375
2.resid.9530,2,resid,9530,1.0619,0.757537841796875,0.625,2.2987060546875,1.5733642578125,0.8045041367684895
2.resid.7964,2,resid,7964,0.9869,0.81463623046875,0.46875,3.724853515625,3.5159912109375,0.8039658376101186
8.attn.9331,8,attn,9331,0.9932,0.807373046875,0.40625,7.89599609375,2.123260498046875,0.8019285074887448
5.resid.15227,5,resid,15227,1.1201,0.713134765625,0.390625,4.093994140625,5.385009765625,0.7989634589461814
9.attn.19580,9,attn,19580,1.0246,0.74859619140625,0.8125,1.62298583984375,1.26007080078125,0.7670703589301411
0.resid.28501,0,resid,28501,0.9224,0.8217010498046875,0.875,3.572998046875,2.52923583984375,0.7577071899591712
0.resid.24132,0,resid,24132,1.7243,0.435394287109375,0.8125,1.67333984375,1.3345947265625,0.7506267747092304
5.resid.15078,5,resid,15078,1.145,0.6495361328125,0.453125,4.083251953125,4.2294921875,0.7438704775895166
1.mlp.1428,1,mlp,1428,1.5235,0.486480712890625,0.5,3.342041015625,3.064697265625,0.7408695782885697
3.resid.26915,3,resid,26915,1.4828,0.4857177734375,0.484375,2.212158203125,2.350189208984375,0.7202142009486298
1.resid.25510,1,resid,25510,0.8888,0.80999755859375,0.703125,2.57763671875,2.21551513671875,0.7199561251900217
9.resid.35471,9,resid,35471,0.9984,0.718994140625,0.203125,4.158203125,0.62451171875,0.7178390862364322
0.mlp.26380,0,mlp,26380,1.6309,0.43743896484375,0.453125,2.8345947265625,4.4600830078125,0.7134337506633434
9.resid.1993,9,resid,1993,1.0936,0.65185546875,0.203125,2.6297607421875,0.1654052734375,0.7128314942086581
1.resid.39697,1,resid,39697,0.6863,1.02984619140625,0.46875,6.81591796875,6.982421875,0.7070126151752426
2.resid.24439,2,resid,24439,2.2037,0.310516357421875,0.46875,1.8848876953125,1.59185791015625,0.6844497561188382
0.resid.7297,0,resid,7297,1.3954,0.488311767578125,0.46875,2.934814453125,2.795623779296875,0.6814150150326902
0.resid.12366,0,resid,12366,1.5471,0.439056396484375,0.4375,2.8563232421875,4.0440673828125,0.6791366969855218
1.attn.9616,1,attn,9616,1.3713,0.4918365478515625,0.96875,0.9959869384765625,0.44720458984375,0.6744588349257993
10.attn.6509,10,attn,6509,0.989,0.67498779296875,0.75,1.35870361328125,0.17254638671875,0.6675545713773536
0.resid.14971,0,resid,14971,0.89,0.748138427734375,0.71875,3.0989990234375,2.1873779296875,0.6655576899060178
2.attn.39379,2,attn,39379,0.9447,0.698516845703125,0.75,2.395660400390625,0.4832496643066406,0.6598835149237202
0.resid.21945,0,resid,21945,1.3542,0.48663330078125,0.5625,3.0576171875,2.5968017578125,0.6588427196207967
2.attn.34783,2,attn,34783,0.727,0.888214111328125,0.8125,2.57012939453125,2.8035888671875,0.645837656556887
10.attn.10667,10,attn,10667,0.9774,0.6568603515625,0.625,1.5902099609375,0.0,0.6420640598953905
3.resid.10981,3,resid,10981,0.9961,0.634796142578125,0.5625,3.16259765625,3.6776123046875,0.6323929517103425
5.attn.20123,5,attn,20123,0.8643,0.729949951171875,0.625,2.3895263671875,2.46185302734375,0.6309424473591181
1.attn.8574,1,attn,8574,1.0147,0.6045684814453125,1.0,1.0697021484375,0.58306884765625,0.6135019291661896
5.attn.17048,5,attn,17048,0.9958,0.60601806640625,0.59375,3.19580078125,3.308837890625,0.6036012745861867
2.attn.8166,2,attn,8166,1.0071,0.59539794921875,0.875,1.572021484375,1.2163772583007812,0.5994279516255029
1.resid.7373,1,resid,7373,0.9459,0.623199462890625,0.765625,2.7938232421875,1.855224609375,0.589401310428662
1.attn.31174,1,attn,31174,1.6906,0.34806060791015625,0.703125,0.853973388671875,0.5270195007324219,0.5883907892180474
3.resid.33959,3,resid,33959,0.9969,0.58526611328125,0.484375,3.8153076171875,3.5076904296875,0.5835456151559898
5.resid.666,5,resid,666,1.0016,0.573486328125,0.359375,5.33984375,6.0074462890625,0.5744189705919475
7.attn.13441,7,attn,13441,1.1378,0.50469970703125,0.46875,1.823974609375,1.519378662109375,0.5741202388093537
0.mlp.34709,0,mlp,34709,1.004,0.5695648193359375,0.65625,2.761962890625,2.1424560546875,0.5717824081969302
1.mlp.11406,1,mlp,11406,1.1439,0.496612548828125,0.703125,2.604248046875,1.23187255859375,0.5680931757986855
0.mlp.12366,0,mlp,12366,1.0162,0.556793212890625,0.578125,3.894775390625,3.60699462890625,0.5656172863917982
2.resid.17461,2,resid,17461,0.9778,0.5612030029296875,0.640625,1.4345703125,1.42529296875,0.548639664304033
0.mlp.19541,0,mlp,19541,1.0031,0.5453033447265625,0.609375,2.61090087890625,2.70849609375,0.5469835150335846
0.mlp.22651,0,mlp,22651,1.0036,0.544891357421875,0.671875,2.9849853515625,2.92523193359375,0.5468520862442202
4.attn.24321,4,attn,24321,0.8722,0.62445068359375,0.625,1.9940185546875,2.1358642578125,0.544603716241943
4.attn.38811,4,attn,38811,1.0024,0.537261962890625,0.5625,2.5657958984375,2.45068359375,0.5386640631785704
0.mlp.19324,0,mlp,19324,1.332,0.4035491943359375,0.75,1.883544921875,0.914794921875,0.5376215937625676
7.attn.8592,7,attn,8592,0.9132,0.5880126953125,0.375,9.4365234375,9.9853515625,0.5371311754514231
2.resid.38389,2,resid,38389,1.0262,0.516143798828125,0.4375,2.86285400390625,2.25018310546875,0.5296253457309329
1.resid.24082,1,resid,24082,1.0173,0.520416259765625,0.796875,3.0792236328125,1.112884521484375,0.529579638599416
3.attn.7068,3,attn,7068,0.6147,0.8581695556640625,0.734375,2.410888671875,2.8287353515625,0.527436333186971
5.attn.29093,5,attn,29093,0.6151,0.852386474609375,0.53125,4.7578125,3.23193359375,0.5241417596959361
1.resid.1813,1,resid,1813,2.6956,0.1898651123046875,0.453125,1.7344970703125,0.28155517578125,0.5118409692840367
4.resid.33046,4,resid,33046,1.3856,0.367919921875,0.21875,6.63671875,6.001708984375,0.5096625574555714
0.resid.1671,0,resid,1671,1.3402,0.378204345703125,0.5,3.0146484375,3.54541015625,0.5067121816140316
2.resid.19842,2,resid,19842,0.9874,0.511810302734375,0.421875,4.013671875,3.48944091796875,0.5053913135932679
3.attn.14408,3,attn,14408,1.4742,0.342254638671875,0.4375,1.9171142578125,1.96795654296875,0.5046700378436871
0.resid.35895,0,resid,35895,1.0064,0.498870849609375,0.71875,2.1220703125,2.4708251953125,0.5020934286694857
2.resid.31272,2,resid,31272,1.0093,0.494903564453125,0.328125,2.4476318359375,3.146484375,0.49954409826144736
1.attn.34495,1,attn,34495,0.8872,0.5609588623046875,0.421875,7.30810546875,7.5380859375,0.4977318858814819
8.attn.13208,8,attn,13208,1.0015,0.49169921875,0.59375,1.5926513671875,1.255035400390625,0.49247703786165226
0.resid.5905,0,resid,5905,1.0594,0.462493896484375,0.5625,2.1202392578125,2.93414306640625,0.4899764890575497
2.resid.40878,2,resid,40878,1.3719,0.356292724609375,0.40625,3.2052001953125,2.89874267578125,0.4888193737103847
1.resid.17994,1,resid,17994,1.1851,0.41058349609375,0.75,1.4906005859375,0.7801666259765625,0.48658186316400603
3.attn.34159,3,attn,34159,1.3705,0.351837158203125,0.828125,0.9390869140625,0.3300933837890625,0.4822462834510261
3.mlp.1315,3,mlp,1315,0.9984,0.483001708984375,0.609375,2.456787109375,2.7706298828125,0.4822041009696666
3.mlp.28783,3,mlp,28783,1.002,0.4810791015625,0.75,1.66693115234375,1.28814697265625,0.4820286177304806
0.mlp.6977,0,mlp,6977,0.9909,0.4786224365234375,0.609375,1.6199951171875,1.29290771484375,0.47436568600341383
2.resid.5505,2,resid,5505,0.9925,0.4722900390625,0.46875,2.418701171875,2.8551025390625,0.4687893260615965
7.attn.1914,7,attn,1914,1.0577,0.441619873046875,0.375,2.253662109375,1.21527099609375,0.46711988210035893
2.resid.8348,2,resid,8348,1.0556,0.4415283203125,0.53125,4.54345703125,0.6196136474609375,0.46612552164697557
5.attn.32762,5,attn,32762,2.219,0.207733154296875,0.265625,1.5662841796875,1.511199951171875,0.4608672499823751
8.resid.9749,8,resid,9749,0.9867,0.462646484375,0.203125,2.816650390625,1.2161865234375,0.4565049860544823
8.mlp.22629,8,mlp,22629,1.0044,0.4525146484375,0.28125,2.760009765625,2.10284423828125,0.45444470474330007
0.mlp.14971,0,mlp,14971,0.9359,0.483123779296875,0.515625,2.8232421875,2.083282470703125,0.4522185554781146
0.resid.34844,0,resid,34844,0.9673,0.460968017578125,0.4375,2.2501220703125,2.6951904296875,0.44590722685288714
6.resid.10624,6,resid,10624,0.9966,0.4403076171875,0.3125,4.92919921875,5.47802734375,0.4387458896075012
1.attn.20801,1,attn,20801,1.6099,0.2704010009765625,0.84375,0.72747802734375,0.58935546875,0.43531397885160744
9.attn.15564,9,attn,15564,1.0296,0.420166015625,0.609375,0.95477294921875,0.6745758056640625,0.4325636589132599
2.resid.39408,2,resid,39408,1.8112,0.23583984375,0.25,1.716796875,1.824951171875,0.42714413751047103
3.resid.12763,3,resid,12763,1.659,0.2554931640625,0.34375,4.3172607421875,4.911865234375,0.4237725869759525
0.attn.7249,0,attn,7249,1.208,0.3467864990234375,0.953125,0.675994873046875,0.8376045227050781,0.41894311022323383
0.attn.3707,0,attn,3707,1.2431,0.335174560546875,0.96875,0.76727294921875,0.37702178955078125,0.41665378262822395
0.mlp.5646,0,mlp,5646,0.9421,0.44134521484375,0.421875,3.14532470703125,4.27294921875,0.4157003233818774
5.resid.4667,5,resid,4667,1.1736,0.35296630859375,0.1875,4.106689453125,4.8336181640625,0.41427493788470743
0.mlp.21510,0,mlp,21510,0.9853,0.4079742431640625,0.3125,2.659423828125,2.8623046875,0.4020270496381221
0.attn.10592,0,attn,10592,1.2633,0.313812255859375,0.9375,0.610748291015625,0.45574378967285156,0.396557879751016
2.attn.389,2,attn,389,0.5503,0.7052001953125,0.546875,3.84619140625,3.941162109375,0.3881254698931313
1.resid.6366,1,resid,6366,0.7545,0.511993408203125,0.828125,2.44232177734375,2.581146240234375,0.3862981745562565
1.attn.16111,1,attn,16111,1.1006,0.3508148193359375,0.546875,1.42340087890625,1.03790283203125,0.3862538480752188
3.attn.23716,3,attn,23716,0.7734,0.495361328125,0.703125,1.65234375,1.3616943359375,0.38313295725471685
0.attn.7461,0,attn,7461,1.4398,0.2626075744628906,0.9375,0.644012451171875,0.3544731140136719,0.37815241709329367
0.resid.11515,0,resid,11515,0.9382,0.392730712890625,0.390625,2.69775390625,2.996337890625,0.3684253648025475
4.resid.38469,4,resid,38469,1.512,0.2418212890625,0.140625,2.7061767578125,2.72314453125,0.3656303674873779
0.resid.12606,0,resid,12606,1.0641,0.3417510986328125,0.484375,3.230712890625,2.1439208984375,0.36370611430550365
2.attn.36804,2,attn,36804,1.2416,0.2928619384765625,0.421875,0.850982666015625,1.035430908203125,0.3635436286238604
1.resid.14022,1,resid,14022,1.0086,0.353790283203125,0.453125,1.463104248046875,2.7166748046875,0.3567755812300594
3.resid.20919,3,resid,20919,1.0671,0.330322265625,0.453125,2.50836181640625,0.996856689453125,0.3525245393101126
5.attn.22333,5,attn,22333,1.648,0.20947265625,0.390625,1.1256103515625,1.259765625,0.345247563092038
0.mlp.21682,0,mlp,21682,1.1502,0.2979736328125,0.5,0.97894287109375,1.215179443359375,0.34270322643385004
2.attn.39816,2,attn,39816,0.896,0.3791656494140625,0.8125,1.296630859375,0.5182571411132812,0.3397776595491451
2.attn.15273,2,attn,15273,0.9983,0.3335418701171875,0.875,1.07073974609375,0.0045318603515625,0.3330052940021915
1.attn.2453,1,attn,2453,1.0718,0.30938720703125,0.84375,0.7575225830078125,0.4495658874511719,0.331641173269962
7.attn.10788,7,attn,10788,1.0008,0.331298828125,0.296875,1.927947998046875,3.279254913330078,0.3315016738241887
0.mlp.29942,0,mlp,29942,1.3849,0.2364349365234375,0.625,1.04595947265625,0.642364501953125,0.3274497511059872
1.resid.8414,1,resid,8414,0.7485,0.4366455078125,0.515625,5.3077392578125,3.382080078125,0.3268366041624613
2.resid.39597,2,resid,39597,0.7518,0.4326171875,0.359375,5.316162109375,4.56494140625,0.3253363211193821
9.resid.35776,9,resid,35776,1.0014,0.32470703125,0.078125,3.3408203125,1.045654296875,0.3251588495903125
6.resid.29231,6,resid,29231,0.9822,0.3292236328125,0.28125,1.6278076171875,0.91534423828125,0.3233747466911649
3.resid.33966,3,resid,33966,0.8246,0.3902587890625,0.328125,5.994873046875,4.1885986328125,0.321806879568116
4.attn.17423,4,attn,17423,1.0749,0.29693603515625,0.296875,2.5474853515625,2.62158203125,0.31917970224060627
2.resid.6986,2,resid,6986,1.2546,0.253204345703125,0.328125,1.64862060546875,2.531005859375,0.31766248466432806
3.attn.19551,3,attn,19551,0.8382,0.3778839111328125,0.609375,1.95269775390625,3.2392578125,0.31673466706950054
0.attn.30576,0,attn,30576,0.9521,0.32674407958984375,0.96875,1.433349609375,0.0,0.3110860290784579
4.attn.37877,4,attn,37877,0.9977,0.3116455078125,0.546875,1.762451171875,1.853271484375,0.3109252575116618
0.resid.36261,0,resid,36261,0.7951,0.38641357421875,0.421875,4.2479248046875,2.67193603515625,0.3072183692593808
1.attn.23723,1,attn,23723,0.9958,0.304840087890625,0.921875,0.521881103515625,0.2353534698486328,0.303550821297097
4.resid.19529,4,resid,19529,1.8543,0.1634521484375,0.140625,3.50830078125,1.0972900390625,0.30307197593771856
4.resid.18015,4,resid,18015,1.5567,0.1932373046875,0.1875,7.72021484375,0.573516845703125,0.3008196124169132
2.resid.35355,2,resid,35355,0.7554,0.39215087890625,0.3125,3.58404541015625,1.40380859375,0.2962852625947198
3.attn.38519,3,attn,38519,1.2517,0.236328125,0.375,1.801025390625,1.94793701171875,0.29581797938933596
0.resid.25785,0,resid,25785,1.1613,0.2544403076171875,0.359375,3.0107421875,1.69866943359375,0.29547598143328974
0.attn.13478,0,attn,13478,2.2273,0.13013839721679688,0.8125,0.40692138671875,0.28972625732421875,0.28988534426045115
0.mlp.2411,0,mlp,2411,3.1467,0.090850830078125,0.3125,0.66351318359375,0.0881500244140625,0.2858976875968663
2.resid.23671,2,resid,23671,1.0781,0.26190185546875,0.4375,1.620361328125,1.57574462890625,0.28235181268822057
1.resid.2533,1,resid,2533,0.8847,0.3176727294921875,0.5,2.6314697265625,0.593414306640625,0.2810641940988802
0.resid.3921,0,resid,3921,0.9865,0.2839813232421875,0.34375,2.6610107421875,2.6258544921875,0.2801630378159762
0.mlp.35998,0,mlp,35998,1.0681,0.259124755859375,0.390625,3.604248046875,3.4088134765625,0.2766938970027228
0.attn.5075,0,attn,5075,1.7682,0.15503692626953125,0.890625,0.418212890625,0.2758445739746094,0.2741757046186201
1.attn.39491,1,attn,39491,1.0018,0.2722930908203125,0.828125,0.62115478515625,0.3927459716796875,0.27276913796263214
3.resid.12927,3,resid,12927,1.1462,0.23779296875,0.3125,6.4482421875,6.89453125,0.27253908207000355
5.attn.5592,5,attn,5592,1.5014,0.1805419921875,0.1875,1.13446044921875,1.986083984375,0.2711461755090306
0.attn.18912,0,attn,18912,1.3903,0.19334793090820312,0.828125,0.680816650390625,0.35884857177734375,0.2687885720769654
1.attn.35341,1,attn,35341,0.9908,0.27020263671875,0.46875,0.906402587890625,1.08575439453125,0.2675969022515579
1.attn.36507,1,attn,36507,1.0189,0.26220703125,0.421875,1.030548095703125,1.1885223388671875,0.26711536982275136
2.attn.36991,2,attn,36991,1.1974,0.22303009033203125,0.640625,0.69744873046875,0.6070098876953125,0.26702872421945795
2.attn.15743,2,attn,15743,1.5272,0.17311859130859375,0.5,1.1781005859375,1.09674072265625,0.26442724396138945
2.attn.1672,2,attn,1672,1.5388,0.17044830322265625,0.53125,0.726287841796875,0.55889892578125,0.26225791201519
4.attn.16173,4,attn,16173,1.5294,0.171417236328125,0.40625,1.4971923828125,1.53887939453125,0.26222568242888306
1.attn.39798,1,attn,39798,0.5947,0.4388885498046875,0.484375,1.38287353515625,0.788177490234375,0.26100894966546
10.attn.40241,10,attn,40241,1.6616,0.15655517578125,0.28125,0.6387939453125,0.10528564453125,0.2600853632713988
2.attn.928,2,attn,928,2.0504,0.1264190673828125,0.453125,0.842193603515625,0.5159225463867188,0.25916519037549
3.attn.7215,3,attn,7215,0.8411,0.3071746826171875,0.53125,0.85162353515625,0.863494873046875,0.25832671140980107
2.resid.10496,2,resid,10496,0.9969,0.2568206787109375,0.4375,1.50860595703125,1.85272216796875,0.2560084808224197
2.resid.25448,2,resid,25448,0.9989,0.25518798828125,0.328125,1.6343994140625,1.92236328125,0.2549708517590625
1.attn.21976,1,attn,21976,0.9993,0.2542266845703125,0.78125,0.5657958984375,0.4195690155029297,0.2540300703507484
8.attn.11029,8,attn,11029,1.0834,0.2310791015625,0.203125,3.237060546875,3.1697998046875,0.2503274918891169
0.attn.38995,0,attn,38995,1.1518,0.21454620361328125,0.921875,0.736602783203125,0.0033397674560546875,0.24710824890740293
5.attn.2419,5,attn,2419,0.6461,0.3802490234375,0.28125,4.511474609375,4.636962890625,0.2456139643063434
0.mlp.16730,0,mlp,16730,0.9939,0.246612548828125,0.40625,2.25244140625,2.4190673828125,0.2450773714401648
2.attn.33315,2,attn,33315,0.9996,0.2408447265625,0.546875,0.988128662109375,0.9710845947265625,0.24072773942164785
1.mlp.21662,1,mlp,21662,0.2968,0.78656005859375,0.796875,1.6512451171875,1.6485595703125,0.23348311283973164
2.resid.13778,2,resid,13778,1.2815,0.17840576171875,0.296875,3.097900390625,3.7381591796875,0.22858869112586763
5.resid.2992,5,resid,2992,2.126,0.1075439453125,0.078125,16.158203125,0.835205078125,0.2285851289694983
0.attn.35895,0,attn,35895,1.5656,0.14561080932617188,0.890625,0.3209991455078125,0.28641510009765625,0.2279896705435258
0.mlp.7867,0,mlp,7867,1.0078,0.2252197265625,0.40625,2.2493896484375,2.8251953125,0.22700744855412633
0.attn.27453,0,attn,27453,1.0041,0.22310256958007812,0.78125,0.6873054504394531,0.994232177734375,0.22398318790442023
0.mlp.27723,0,mlp,27723,0.9993,0.22265625,0.3125,1.743896484375,1.8399658203125,0.22251163684912026
9.attn.39046,9,attn,39046,1.001,0.21630859375,0.25,1.05621337890625,0.420013427734375,0.21649605767984756
2.attn.21591,2,attn,21591,1.4002,0.15422821044921875,0.34375,0.892303466796875,0.979583740234375,0.21594055782207214
0.attn.9792,0,attn,9792,0.9165,0.23088836669921875,0.796875,0.8233642578125,0.84576416015625,0.21163224444364367
0.mlp.4966,0,mlp,4966,0.9841,0.21484375,0.0625,3.0205078125,2.8133544921875,0.2114245334479492
4.resid.535,4,resid,535,1.2262,0.16162109375,0.15625,7.31005859375,2.220947265625,0.19818044665264894
2.attn.5283,2,attn,5283,1.01,0.1952362060546875,0.640625,0.62255859375,0.41474151611328125,0.1972099592205268
2.resid.14502,2,resid,14502,1.8208,0.1060791015625,0.171875,4.30517578125,0.42718505859375,0.19314613418425433
6.attn.32214,6,attn,32214,0.7891,0.244293212890625,0.3125,1.8975830078125,2.223663330078125,0.19281819426823496
2.resid.29102,2,resid,29102,0.9769,0.1961669921875,0.234375,3.4696044921875,2.98388671875,0.19163893853362388
1.resid.11844,1,resid,11844,0.8881,0.2146453857421875,0.296875,1.80914306640625,2.04901123046875,0.19058908308477468
0.resid.12868,0,resid,12868,0.9984,0.186126708984375,0.234375,1.9564208984375,2.0333251953125,0.1858391850247979
6.resid.39932,6,resid,39932,2.2657,0.08203125,0.0625,13.65625,1.565185546875,0.18583774203651118
1.mlp.1635,1,mlp,1635,1.01,0.182403564453125,0.453125,2.4632568359375,0.6296615600585938,0.18424600395308519
2.attn.23484,2,attn,23484,1.0118,0.179443359375,0.5625,0.615325927734375,0.49938201904296875,0.18157288986232015
0.attn.391,0,attn,391,0.5088,0.356781005859375,0.96875,0.89215087890625,0.8651275634765625,0.18151858751664984
0.resid.18173,0,resid,18173,0.8282,0.218719482421875,0.28125,2.6787109375,2.908935546875,0.1811685675523695
0.resid.15674,0,resid,15674,1.7002,0.1058349609375,0.171875,1.845001220703125,2.48687744140625,0.17993983908995143
0.attn.6546,0,attn,6546,0.7657,0.232025146484375,0.8125,0.80755615234375,0.6509475708007812,0.1776580860151278
2.attn.17528,2,attn,17528,0.995,0.17462158203125,0.3125,1.69598388671875,1.679779052734375,0.17379000254757557
8.mlp.11820,8,mlp,11820,1.5756,0.1014404296875,0.078125,1.247802734375,0.4713134765625,0.15983891517331358
7.attn.34753,7,attn,34753,0.9903,0.15850830078125,0.21875,5.12664794921875,4.5234375,0.15690021525749215
8.attn.22086,8,attn,22086,2.1731,0.07110595703125,0.09375,1.226959228515625,1.70147705078125,0.15452510765214536
2.mlp.39328,2,mlp,39328,0.9958,0.153656005859375,0.46875,1.8973388671875,1.42620849609375,0.1530088904466884
3.attn.17716,3,attn,17716,0.9733,0.15216064453125,0.125,3.384033203125,3.7882080078125,0.14807113790582008
0.attn.11380,0,attn,11380,0.7207,0.20473480224609375,0.921875,0.58062744140625,0.33174896240234375,0.14755080650316402
0.resid.2262,0,resid,2262,1.0001,0.146575927734375,0.265625,1.81146240234375,2.65673828125,0.14662317612667503
2.attn.6923,2,attn,6923,1.3398,0.10870361328125,0.421875,0.561279296875,0.4979400634765625,0.14565565023931268
2.resid.36136,2,resid,36136,1.1831,0.122100830078125,0.21875,0.8880615234375,1.007904052734375,0.14445319550701732
0.attn.22445,0,attn,22445,0.7287,0.19237136840820312,0.78125,0.60125732421875,0.338134765625,0.14016872530729949
0.attn.4540,0,attn,4540,0.3024,0.45980072021484375,0.90625,3.62945556640625,0.7016487121582031,0.13909694452265683
0.mlp.19325,0,mlp,19325,1.0005,0.138427734375,0.34375,1.39501953125,0.128753662109375,0.13848672847617127
1.resid.10378,1,resid,10378,1.3534,0.10198974609375,0.25,0.4734983444213867,0.6070098876953125,0.13804516473939873
0.resid.2832,0,resid,2832,1.0004,0.1378326416015625,0.4375,0.546112060546875,0.23773193359375,0.1378730548736803
6.attn.1319,6,attn,1319,1.1787,0.116058349609375,0.21875,1.28057861328125,1.580352783203125,0.13681772517559113
0.attn.4107,0,attn,4107,1.108,0.12188720703125,0.671875,0.7672119140625,0.7229766845703125,0.13505511462216965
0.attn.28602,0,attn,28602,0.9004,0.14788818359375,0.78125,0.515960693359375,0.4434776306152344,0.1331624730672367
0.mlp.24543,0,mlp,24543,0.5428,0.2440185546875,0.203125,2.20440673828125,2.81719970703125,0.13246345581532804
3.resid.24667,3,resid,24667,1.0046,0.1318359375,0.21875,1.1517333984375,1.1396484375,0.13242524454515658
0.attn.2510,0,attn,2510,0.967,0.13436126708984375,0.75,0.4214935302734375,0.493377685546875,0.1299107105769126
1.attn.37234,1,attn,37234,0.8913,0.14527130126953125,0.546875,0.5653076171875,0.44036102294921875,0.12948704059308982
5.attn.8270,5,attn,8270,0.9633,0.133148193359375,0.140625,1.6199951171875,1.92431640625,0.1282313422762907
4.resid.1982,4,resid,1982,0.9972,0.128082275390625,0.171875,5.4461669921875,6.1221923828125,0.12773794208796896
2.mlp.5965,2,mlp,5965,0.8692,0.1461181640625,0.25,2.826904296875,0.75347900390625,0.1270022139738081
0.attn.35779,0,attn,35779,1.0012,0.125030517578125,0.6875,0.407379150390625,0.35857391357421875,0.12515380528647874
8.resid.34510,8,resid,34510,2.0035,0.06201171875,0.03125,28.65625,0.752685546875,0.12423653889092383
6.resid.7095,6,resid,7095,0.905,0.1365966796875,0.109375,4.5126953125,4.6766357421875,0.12362801185576246
0.attn.33699,0,attn,33699,0.6794,0.18182373046875,0.875,0.6126708984375,0.32044219970703125,0.12354570962408908
4.attn.11074,4,attn,11074,1.3543,0.085357666015625,0.25,2.031005859375,1.55224609375,0.11556662076384747
5.mlp.17027,5,mlp,17027,1.0949,0.104339599609375,0.265625,1.7085418701171875,0.692108154296875,0.11423850641414847
0.attn.25914,0,attn,25914,0.4611,0.24246597290039062,0.671875,3.78668212890625,0.3364849090576172,0.11179319674665193
1.resid.9205,1,resid,9205,1.4442,0.07635498046875,0.171875,0.669891357421875,1.142669677734375,0.11025867792625649
0.resid.13098,0,resid,13098,1.0024,0.1077880859375,0.34375,0.531158447265625,0.1939544677734375,0.10802795296131516
0.attn.8786,0,attn,8786,1.0854,0.0975189208984375,0.765625,0.2929534912109375,0.30226898193359375,0.1058621782832255
5.attn.37589,5,attn,37589,1.0025,0.10546875,0.125,4.3193359375,4.4581298828125,0.10573073290055618
1.attn.7828,1,attn,7828,1.1633,0.08901214599609375,0.5,0.2692108154296875,0.21445846557617188,0.10354551496290929
9.resid.8028,9,resid,8028,0.9846,0.1015625,0.03125,2.182373046875,0.412109375,0.09997956696432085
0.resid.2411,0,resid,2411,3.3369,0.02984619140625,0.0625,0.830841064453125,0.0469818115234375,0.09957076500550574
1.mlp.20564,1,mlp,20564,1.1814,0.081817626953125,0.203125,1.8438720703125,1.138763427734375,0.09666630418825953
1.resid.39514,1,resid,39514,2.395,0.04034423828125,0.109375,0.98907470703125,0.682861328125,0.09663791584764113
0.attn.38468,0,attn,38468,0.9999,0.09300994873046875,0.40625,0.554046630859375,0.655853271484375,0.09299680070581862
0.attn.38054,0,attn,38054,1.0225,0.08904266357421875,0.5,0.46051025390625,0.41082763671875,0.09105623900736645
1.attn.39519,1,attn,39519,1.0194,0.08890533447265625,0.4375,0.459716796875,0.36663818359375,0.09061370836989792
0.mlp.25785,0,mlp,25785,0.948,0.094024658203125,0.1875,4.52001953125,0.71478271484375,0.08914863693108782
1.attn.6216,1,attn,6216,1.0281,0.083251953125,0.390625,0.308837890625,0.22502899169921875,0.0855940470808244
1.resid.30958,1,resid,30958,1.0151,0.0838623046875,0.15625,1.9351806640625,0.2445220947265625,0.08512879800637163
0.attn.6125,0,attn,6125,1.5697,0.0535430908203125,0.421875,0.3708343505859375,0.34467124938964844,0.08406956353546284
1.attn.32146,1,attn,32146,1.169,0.0702362060546875,0.296875,0.39046478271484375,0.2547111511230469,0.08210915909990217
0.mlp.1915,0,mlp,1915,1.0055,0.0809173583984375,0.125,2.4593505859375,2.34625244140625,0.08137403315570828
0.mlp.40153,0,mlp,40153,1.1439,0.070037841796875,0.234375,0.575775146484375,0.1187744140625,0.0801332873095598
1.resid.39605,1,resid,39605,1.0482,0.07623291015625,0.125,1.8712158203125,1.951416015625,0.07991901493006444
0.attn.40070,0,attn,40070,1.0371,0.0758819580078125,0.5,0.31463623046875,0.32834625244140625,0.07871383069659513
0.resid.6278,0,resid,6278,0.9909,0.0790557861328125,0.25,0.6513671875,0.17962646484375,0.07833723761401415
0.attn.6749,0,attn,6749,0.983,0.07935333251953125,0.6875,0.347808837890625,0.30031585693359375,0.07800078765797706
0.mlp.15674,0,mlp,15674,0.9727,0.0740966796875,0.0625,1.4909210205078125,2.455963134765625,0.07207132291374001
0.attn.13999,0,attn,13999,1.1671,0.059398651123046875,0.4375,0.36517333984375,0.360748291015625,0.06931039776085628
0.attn.31009,0,attn,31009,0.9325,0.07423782348632812,0.3125,0.53839111328125,0.4727630615234375,0.06922864371262563
1.resid.16454,1,resid,16454,0.7056,0.096832275390625,0.15625,1.4327392578125,1.087890625,0.06833600396209513
0.attn.74,0,attn,74,0.8699,0.07784652709960938,0.546875,0.43389892578125,0.31024932861328125,0.0677065001145396
0.attn.17545,0,attn,17545,0.9342,0.07160186767578125,0.484375,0.304107666015625,0.3044166564941406,0.0668993717013791
0.attn.34169,0,attn,34169,1.0062,0.06555938720703125,0.484375,0.32354736328125,0.2998237609863281,0.06594762725200234
0.attn.39150,0,attn,39150,0.815,0.08014869689941406,0.515625,0.413604736328125,0.2675209045410156,0.06534011012158089
0.attn.6054,0,attn,6054,1.0234,0.0625457763671875,0.265625,0.5667724609375,0.0,0.06400297605929482
1.attn.17446,1,attn,17446,1.3524,0.04669189453125,0.21875,0.2530517578125,0.30574798583984375,0.06315391676168657
0.attn.15350,0,attn,15350,0.716,0.08634185791015625,0.4375,0.6328125,0.640411376953125,0.061833711299012065
1.resid.37196,1,resid,37196,1.0372,0.058349609375,0.109375,2.72412109375,0.2982635498046875,0.06052243693186901
1.resid.1477,1,resid,1477,1.925,0.03082275390625,0.125,1.16278076171875,0.4002532958984375,0.059337564180168556
0.resid.7724,0,resid,7724,1.4852,0.034942626953125,0.046875,3.42919921875,0.0050048828125,0.05189285488627502
1.resid.18743,1,resid,18743,1.7471,0.02850341796875,0.09375,2.3460693359375,0.074951171875,0.04979664449383818
1.resid.2116,1,resid,2116,1.1823,0.0400390625,0.09375,3.0313720703125,3.42138671875,0.04733246708154911
1.resid.18156,1,resid,18156,1.001,0.046722412109375,0.140625,0.724884033203125,0.20220947265625,0.04677109703246969
1.attn.34351,1,attn,34351,0.9964,0.04461669921875,0.125,0.24980926513671875,0.4134101867675781,0.044453691641851034
0.resid.28026,0,resid,28026,1.5642,0.028076171875,0.03125,2.4417724609375,0.1305694580078125,0.043914596345013705
3.attn.11944,3,attn,11944,1.5996,0.02398681640625,0.078125,1.807861328125,1.846923828125,0.03836975062536076
0.attn.39087,0,attn,39087,0.9868,0.038543701171875,0.375,0.2245941162109375,0.30918121337890625,0.03803383386143469
0.mlp.28719,0,mlp,28719,1.098,0.0340576171875,0.0625,2.414306640625,2.50537109375,0.03740417048177915
0.resid.2083,0,resid,2083,0.6287,0.058685302734375,0.140625,7.0143890380859375,0.62493896484375,0.03689015429954597
1.attn.32074,1,attn,32074,0.8433,0.04138946533203125,0.203125,0.4398651123046875,0.49139404296875,0.034902764556123886
2.attn.26031,2,attn,26031,0.7272,0.0472564697265625,0.125,1.99853515625,2.47802734375,0.034353966820743514
0.resid.31064,0,resid,31064,0.9975,0.032958984375,0.03125,1.361083984375,1.44720458984375,0.03287483111489564
0.attn.4562,0,attn,4562,0.9944,0.03022003173828125,0.4375,0.2250213623046875,0.23091888427734375,0.030043231878987352
0.attn.4304,0,attn,4304,0.5615,0.049083709716796875,0.40625,0.5532073974609375,0.3552360534667969,0.027556171116445854
0.resid.19369,0,resid,19369,1.5079,0.0170745849609375,0.0625,0.443084716796875,0.1834869384765625,0.025753377835201173
0.mlp.3366,0,mlp,3366,1.4967,0.017059326171875,0.046875,1.9359130859375,0.2366943359375,0.025534635383896966
5.mlp.16922,5,mlp,16922,1.0051,0.025146484375,0.03125,2.1966552734375,0.5259552001953125,0.025273297265509614
0.attn.13729,0,attn,13729,1.1563,0.02112579345703125,0.171875,0.34799957275390625,0.2786293029785156,0.02442166303832455
3.resid.12219,3,resid,12219,1.0105,0.021484375,0.03125,3.248779296875,3.9658203125,0.021710706289857624
0.attn.319,0,attn,319,0.7818,0.0259552001953125,0.09375,0.42060089111328125,0.000621795654296875,0.020290953063526834
3.mlp.31400,3,mlp,31400,0.9871,0.020263671875,0.03125,3.294921875,3.2474365234375,0.02000901613512833
1.resid.34029,1,resid,34029,1.3123,0.0148468017578125,0.046875,0.2028656005859375,0.29736328125,0.01948120733848209
0.attn.36365,0,attn,36365,1.02,0.01877593994140625,0.109375,0.1886444091796875,0.3215370178222656,0.019147457727021904
2.attn.14375,2,attn,14375,1.2088,0.015228271484375,0.0625,0.22821044921875,0.2927742004394531,0.01840940262177319
0.resid.15542,0,resid,15542,1.4287,0.0118408203125,0.03125,1.029327392578125,0.0,0.016917492212404614
0.attn.19586,0,attn,19586,0.9741,0.0167236328125,0.03125,0.08673095703125,0.000591278076171875,0.016291933612180582
1.attn.4542,1,attn,4542,1.0095,0.013824462890625,0.09375,0.125396728515625,0.0,0.013954263056819401
0.mlp.18034,0,mlp,18034,1.553,0.0087890625,0.03125,0.53802490234375,0.17412567138671875,0.013647204410517588
0.mlp.28907,0,mlp,28907,1.0074,0.01300048828125,0.03125,1.391845703125,1.5860595703125,0.013094930026912336
1.resid.33852,1,resid,33852,1.0268,0.0111083984375,0.03125,1.8748779296875,0.017852783203125,0.011404923284309917
0.mlp.285,0,mlp,285,1.0282,0.0101318359375,0.03125,0.4987335205078125,0.3132476806640625,0.010418803031329298
1.mlp.40625,1,mlp,40625,1.0043,0.009033203125,0.03125,1.591552734375,0.02264404296875,0.00907301165306417
0.resid.16488,0,resid,16488,1.0022,0.00836181640625,0.03125,1.45037841796875,0.03826904296875,0.008379515600424929
0.mlp.26591,0,mlp,26591,1.0119,0.00750732421875,0.03125,0.6219482421875,0.127288818359375,0.00759636841774518
2.resid.15217,2,resid,15217,1.0426,0.006103515625,0.015625,0.544342041015625,0.327056884765625,0.006364871131663676
0.attn.18179,0,attn,18179,0.6106,0.00687408447265625,0.09375,3.779541015625,3.98388671875,0.0041943703652419576
0.attn.15389,0,attn,15389,0.743,0.004852294921875,0.03125,0.35201263427734375,0.34888458251953125,0.0036058396276202986
0.attn.4880,0,attn,4880,1.067,0.0024261474609375,0.03125,0.18302154541015625,0.0004711151123046875,0.00258882895156421
0.attn.2835,0,attn,2835,0.6043,0.0028228759765625,0.0625,1.69775390625,1.6700439453125,0.0017063328888743852
0.attn.28747,0,attn,28747,0.5439,0.001995086669921875,0.0625,0.6471519470214844,0.01958465576171875,0.0010851177439374397
8.resid.547,8,resid,547,0.9894,0.0,0.0,7.89013671875,0.5887451171875,0.0
8.resid.2881,8,resid,2881,0.9858,0.0,0.0,1.955078125,0.920166015625,0.0
0.mlp.16334,0,mlp,16334,0.6533,0.0,0.0,5.337890625,8.68115234375,0.0
0.mlp.16354,0,mlp,16354,1.0729,0.0,0.0,7.5654296875,10.96337890625,0.0
0.mlp.20249,0,mlp,20249,0.775,0.0,0.0,5.1884765625,7.9326171875,0.0
0.mlp.13196,0,mlp,13196,0.9865,0.0,0.0,6.24462890625,8.486083984375,0.0
0.mlp.14638,0,mlp,14638,1.4195,0.0,0.0,6.6904296875,8.41162109375,0.0
0.mlp.15205,0,mlp,15205,1.2338,0.0,0.0,7.859375,13.51953125,0.0
0.attn.27817,0,attn,27817,0.9781,0.0,0.0,0.19342041015625,0.32717132568359375,0.0
9.resid.12558,9,resid,12558,1.0611,0.0,0.0,0.9638671875,0.14697265625,0.0
0.mlp.28097,0,mlp,28097,1.1898,0.0,0.0,6.0400390625,8.98388671875,0.0
0.mlp.28899,0,mlp,28899,0.746,0.0,0.0,5.96142578125,10.41748046875,0.0
9.attn.20684,9,attn,20684,1.0253,0.0,0.0,0.253631591796875,0.03460693359375,0.0
0.mlp.3223,0,mlp,3223,0.9885,0.0,0.0,8.12548828125,14.6142578125,0.0
0.mlp.4544,0,mlp,4544,1.1159,0.0,0.0,5.574951171875,8.52197265625,0.0
0.mlp.5413,0,mlp,5413,1.0267,0.0,0.0,0.9677734375,0.0514984130859375,0.0
8.resid.22034,8,resid,22034,1.3023,0.0,0.0,1.6807861328125,6.305419921875,0.0
0.mlp.406,0,mlp,406,1.4116,0.0,0.0,6.81396484375,12.6455078125,0.0
0.mlp.1634,0,mlp,1634,0.9938,0.0,0.0,1.165771484375,0.1236572265625,0.0
0.mlp.1982,0,mlp,1982,1.2098,0.0,0.0,7.01220703125,10.70361328125,0.0
0.mlp.2152,0,mlp,2152,0.777,0.0,0.0,7.20947265625,13.248046875,0.0
0.mlp.2992,0,mlp,2992,1.8393,0.0,0.0,2.3629150390625,0.30743408203125,0.0
1.resid.34701,1,resid,34701,1.1211,0.0,0.0,8.919921875,13.5224609375,0.0
1.resid.37654,1,resid,37654,0.9968,0.0,0.0,4.5263671875,9.4033203125,0.0
1.resid.20352,1,resid,20352,0.9685,0.0,0.0,8.5703125,10.48828125,0.0
1.resid.20982,1,resid,20982,0.8445,0.0,0.0,6.380859375,10.1923828125,0.0
3.mlp.14139,3,mlp,14139,1.4687,0.0,0.0,1.37127685546875,0.09002685546875,0.0
0.resid.13196,0,resid,13196,1.0303,0.0,0.0,6.40966796875,8.982421875,0.0
0.resid.14638,0,resid,14638,1.3168,0.0,0.0,8.064453125,9.98291015625,0.0
0.resid.15205,0,resid,15205,0.9116,0.0,0.0,7.48486328125,12.8984375,0.0
0.resid.15578,0,resid,15578,1.0262,0.0,0.0,6.77587890625,10.70556640625,0.0
0.resid.15658,0,resid,15658,1.2758,0.0,0.0,5.5634765625,9.08203125,0.0
0.resid.9162,0,resid,9162,1.1642,0.0,0.0,7.7529296875,13.33154296875,0.0
0.resid.10252,0,resid,10252,1.0466,0.0,0.0,7.00390625,9.966796875,0.0
4.resid.32934,4,resid,32934,1.0026,0.0,0.0,4.2244873046875,1.4564208984375,0.0
0.resid.4544,0,resid,4544,1.2055,0.0,0.0,7.33544921875,10.425537109375,0.0
0.resid.6184,0,resid,6184,1.0515,0.0,0.0,5.178955078125,9.47900390625,0.0
0.resid.7033,0,resid,7033,0.8156,0.0,0.0,6.048828125,9.6826171875,0.0
4.resid.9939,4,resid,9939,0.9984,0.0,0.0,5.611572265625,0.3203125,0.0
4.resid.12849,4,resid,12849,1.009,0.0,0.0,4.606689453125,0.19024658203125,0.0
4.resid.14161,4,resid,14161,2.8082,0.0,0.0,7.2177734375,0.1461181640625,0.0
4.resid.19232,4,resid,19232,2.241,0.0,0.0,4.218994140625,0.404296875,0.0
4.resid.23353,4,resid,23353,1.1253,0.0,0.0,5.317626953125,2.024139404296875,0.0
4.resid.27321,4,resid,27321,0.9971,0.0,0.0,4.00341796875,0.10491943359375,0.0
5.resid.13610,5,resid,13610,0.9985,0.0,0.0,4.2275390625,1.2203369140625,0.0
2.mlp.36835,2,mlp,36835,1.5962,0.0,0.0,1.7647705078125,0.11029052734375,0.0
2.resid.5670,2,resid,5670,1.0008,0.0,0.0,3.929931640625,0.111572265625,0.0
4.attn.25536,4,attn,25536,1.9599,0.0,0.0,1.0510711669921875,1.0514678955078125,0.0
4.resid.7799,4,resid,7799,1.5198,0.0,0.0,7.8173828125,0.0208740234375,0.0
3.resid.29267,3,resid,29267,2.0486,0.0,0.0,5.27001953125,0.4002685546875,0.0
3.resid.38790,3,resid,38790,1.2769,0.0,0.0,3.32568359375,0.1591796875,0.0
3.resid.14130,3,resid,14130,0.9844,0.0,0.0,11.4658203125,0.072265625,0.0
3.resid.18960,3,resid,18960,0.992,0.0,0.0,2.3856201171875,0.59271240234375,0.0
1.mlp.36836,1,mlp,36836,1.0816,0.0,0.0,2.360595703125,2.363525390625,0.0
1.resid.431,1,resid,431,1.0323,0.0,0.0,8.6611328125,13.3232421875,0.0
1.resid.673,1,resid,673,1.0291,0.0,0.0,7.8271484375,10.703125,0.0
1.resid.38250,1,resid,38250,1.0069,0.0,0.0,1.5894775390625,0.08062744140625,0.0
1.resid.31817,1,resid,31817,1.0106,0.0,0.0,1.44061279296875,0.031585693359375,0.0
1.resid.33671,1,resid,33671,1.3898,0.0,0.0,6.79541015625,11.70458984375,0.0
5.resid.25476,5,resid,25476,2.5952,0.0,0.0,8.32470703125,0.0,0.0
5.resid.36243,5,resid,36243,1.0017,0.0,0.0,4.9853515625,0.8546142578125,0.0
5.resid.37573,5,resid,37573,1.3983,0.0,0.0,1.1728515625,0.28460693359375,0.0
5.resid.38965,5,resid,38965,1.317,0.0,0.0,6.57958984375,0.18707275390625,0.0
5.resid.40736,5,resid,40736,2.1396,0.0,0.0,6.75537109375,0.44415283203125,0.0
5.mlp.19502,5,mlp,19502,0.999,0.0,0.0,2.5311279296875,0.331573486328125,0.0
5.mlp.26283,5,mlp,26283,1.1313,0.0,0.0,2.906005859375,0.86932373046875,0.0
5.resid.3745,5,resid,3745,1.6931,0.0,0.0,5.90771484375,0.353759765625,0.0
0.resid.15729,0,resid,15729,1.2353,0.0,0.0,6.0205078125,10.10107421875,0.0
0.resid.16354,0,resid,16354,1.1422,0.0,0.0,7.7548828125,11.265625,0.0
0.resid.18770,0,resid,18770,1.2252,0.0,0.0,1.70458984375,0.037445068359375,0.0
0.resid.20504,0,resid,20504,0.9842,0.0,0.0,4.8203125,5.15875244140625,0.0
0.resid.1982,0,resid,1982,1.1658,0.0,0.0,6.830078125,10.40478515625,0.0
0.resid.2124,0,resid,2124,0.9558,0.0,0.0,4.48974609375,6.127685546875,0.0
0.resid.3223,0,resid,3223,0.9493,0.0,0.0,7.353515625,12.63525390625,0.0
0.resid.3364,0,resid,3364,0.9999,0.0,0.0,3.3212890625,6.848876953125,0.0
0.mlp.39972,0,mlp,39972,0.999,0.0,0.0,1.5501708984375,0.0140380859375,0.0
0.mlp.40345,0,mlp,40345,0.9496,0.0,0.0,8.1904296875,12.201171875,0.0
0.mlp.40867,0,mlp,40867,1.0058,0.0,0.0,0.42095947265625,0.1978759765625,0.0
0.resid.406,0,resid,406,1.1591,0.0,0.0,5.82861328125,11.2041015625,0.0
0.resid.459,0,resid,459,1.5349,0.0,0.0,1.11248779296875,0.043304443359375,0.0
0.resid.858,0,resid,858,1.3736,0.0,0.0,2.0194091796875,0.34619140625,0.0
0.mlp.33674,0,mlp,33674,1.2447,0.0,0.0,1.72412109375,0.01055908203125,0.0
0.mlp.33859,0,mlp,33859,1.7174,0.0,0.0,1.4837646484375,0.123779296875,0.0
0.mlp.35468,0,mlp,35468,0.9379,0.0,0.0,5.49169921875,8.57275390625,0.0
0.mlp.36011,0,mlp,36011,0.9921,0.0,0.0,1.2813720703125,0.0,0.0
0.mlp.36603,0,mlp,36603,1.2383,0.0,0.0,5.8046875,7.1112060546875,0.0
0.mlp.39049,0,mlp,39049,0.9521,0.0,0.0,7.94580078125,12.91943359375,0.0
6.resid.1718,6,resid,1718,0.9999,0.0,0.0,6.39501953125,0.01806640625,0.0
6.resid.8837,6,resid,8837,1.0033,0.0,0.0,6.52197265625,0.246337890625,0.0
1.resid.12757,1,resid,12757,1.1302,0.0,0.0,10.6083984375,14.8427734375,0.0
1.resid.13938,1,resid,13938,1.5795,0.0,0.0,2.866455078125,0.28173828125,0.0
1.resid.14684,1,resid,14684,0.6997,0.0,0.0,9.5439453125,13.453125,0.0
1.resid.17029,1,resid,17029,1.6674,0.0,0.0,8.6552734375,13.02978515625,0.0
1.resid.17975,1,resid,17975,1.0328,0.0,0.0,5.74609375,11.37060546875,0.0
1.resid.7720,1,resid,7720,0.9954,0.0,0.0,7.43896484375,12.0390625,0.0
1.resid.9726,1,resid,9726,0.9834,0.0,0.0,0.070068359375,0.1218719482421875,0.0
1.resid.11175,1,resid,11175,0.9831,0.0,0.0,6.23291015625,9.51611328125,0.0
1.resid.6414,1,resid,6414,0.976,0.0,0.0,6.6142578125,11.459716796875,0.0
1.resid.6419,1,resid,6419,0.9913,0.0,0.0,6.943359375,9.34765625,0.0
1.resid.7075,1,resid,7075,1.0009,0.0,0.0,5.46484375,8.92626953125,0.0
1.mlp.21997,1,mlp,21997,1.0014,0.0,0.0,1.32757568359375,0.1023101806640625,0.0
1.mlp.30586,1,mlp,30586,1.2307,0.0,0.0,2.1763916015625,1.9188232421875,0.0
1.mlp.33440,1,mlp,33440,1.4226,0.0,0.0,1.11285400390625,1.016326904296875,0.0
0.mlp.31172,0,mlp,31172,2.0712,0.0,0.0,1.8507080078125,0.004547119140625,0.0
0.mlp.32903,0,mlp,32903,0.9422,0.0,0.0,8.1298828125,13.0185546875,0.0
0.mlp.33627,0,mlp,33627,0.9912,0.0,0.0,1.151123046875,0.1221923828125,0.0
0.mlp.23253,0,mlp,23253,1.3044,0.0,0.0,5.9580078125,8.73291015625,0.0
0.mlp.23839,0,mlp,23839,1.0838,0.0,0.0,6.5185546875,8.08447265625,0.0
0.mlp.23857,0,mlp,23857,0.8654,0.0,0.0,8.6435546875,12.244140625,0.0
0.mlp.26001,0,mlp,26001,1.017,0.0,0.0,3.072021484375,3.353398561477661,0.0
7.attn.23071,7,attn,23071,0.9974,0.0,0.0,1.01068115234375,2.761962890625,0.0
0.mlp.20578,0,mlp,20578,1.6059,0.0,0.0,4.5042724609375,9.80224609375,0.0
0.mlp.20990,0,mlp,20990,1.4411,0.0,0.0,1.34765625,0.028167724609375,0.0
0.mlp.21218,0,mlp,21218,1.0031,0.0,0.0,0.519989013671875,0.10040283203125,0.0
0.mlp.21893,0,mlp,21893,1.2707,0.0,0.0,7.66796875,12.18701171875,0.0
0.mlp.21952,0,mlp,21952,1.0154,0.0,0.0,1.653076171875,0.02130126953125,0.0
6.resid.31563,6,resid,31563,1.3396,0.0,0.0,9.03125,0.588623046875,0.0
6.resid.39698,6,resid,39698,0.9984,0.0,0.0,4.80029296875,0.9132080078125,0.0
7.attn.16972,7,attn,16972,3.5451,0.0,0.0,1.402435302734375,2.88006591796875,0.0
0.resid.3366,0,resid,3366,1.658,0.0,0.0,0.884429931640625,0.15081787109375,0.0
0.resid.4181,0,resid,4181,0.9011,0.0,0.0,2.6109619140625,2.20062255859375,0.0
6.resid.10940,6,resid,10940,1.1876,0.0,0.0,10.4287109375,0.27655029296875,0.0
6.resid.18888,6,resid,18888,1.2716,0.0,0.0,6.1728515625,0.8955078125,0.0
6.resid.27221,6,resid,27221,1.0033,0.0,0.0,9.783447265625,0.8948974609375,0.0
6.resid.27836,6,resid,27836,2.4167,0.0,0.0,3.22607421875,0.2164306640625,0.0
0.mlp.7816,0,mlp,7816,0.9603,0.0,0.0,2.624267578125,4.5562744140625,0.0
0.mlp.8128,0,mlp,8128,1.1973,0.0,0.0,2.935546875,4.81298828125,0.0
0.mlp.9162,0,mlp,9162,1.1586,0.0,0.0,7.658203125,13.1123046875,0.0
0.mlp.9867,0,mlp,9867,1.0001,0.0,0.0,3.587890625,5.0479736328125,0.0
0.mlp.10252,0,mlp,10252,1.2199,0.0,0.0,7.166015625,10.40478515625,0.0
0.resid.33859,0,resid,33859,1.0306,0.0,0.0,1.5350341796875,0.23382568359375,0.0
0.resid.35468,0,resid,35468,0.9766,0.0,0.0,5.46630859375,8.80908203125,0.0
0.resid.39049,0,resid,39049,0.8987,0.0,0.0,7.60009765625,12.6845703125,0.0
0.resid.39958,0,resid,39958,1.7915,0.0,0.0,2.25341796875,0.02325439453125,0.0
0.resid.28097,0,resid,28097,1.0533,0.0,0.0,5.40380859375,7.7939453125,0.0
0.resid.28719,0,resid,28719,1.134,0.0,0.0,3.484130859375,3.7548828125,0.0
0.resid.28899,0,resid,28899,0.8288,0.0,0.0,4.9794921875,9.060546875,0.0
0.resid.28957,0,resid,28957,1.1598,0.0,0.0,3.55615234375,7.0908203125,0.0
0.resid.30569,0,resid,30569,0.9861,0.0,0.0,4.74267578125,5.349853515625,0.0
0.resid.32903,0,resid,32903,0.9935,0.0,0.0,8.830078125,13.7890625,0.0
0.resid.33627,0,resid,33627,0.9899,0.0,0.0,1.34320068359375,0.08575439453125,0.0
0.resid.20578,0,resid,20578,1.2327,0.0,0.0,4.220947265625,8.93701171875,0.0
0.resid.21893,0,resid,21893,1.1832,0.0,0.0,7.517578125,12.63134765625,0.0
0.resid.23839,0,resid,23839,1.0143,0.0,0.0,6.966796875,8.81201171875,0.0
0.resid.23857,0,resid,23857,1.2859,0.0,0.0,8.7578125,13.193359375,0.0
2.resid.37833,2,resid,37833,1.493,0.0,0.0,8.8037109375,12.181640625,0.0
2.resid.39109,2,resid,39109,1.0023,0.0,0.0,8.2490234375,12.94873046875,0.0
1.resid.28170,1,resid,28170,1.0592,0.0,0.0,3.202392578125,0.084228515625,0.0
1.resid.30913,1,resid,30913,1.0502,0.0,0.0,8.8251953125,12.43798828125,0.0
2.resid.22759,2,resid,22759,1.2557,0.0,0.0,2.7691650390625,0.32098388671875,0.0
2.resid.16290,2,resid,16290,1.645,0.0,0.0,3.307373046875,0.390045166015625,0.0
2.resid.17104,2,resid,17104,1.2704,0.0,0.0,9.466796875,13.1728515625,0.0
2.resid.18602,2,resid,18602,1.7747,0.0,0.0,5.29931640625,0.0118408203125,0.0
2.mlp.34993,2,mlp,34993,1.0038,0.0,0.0,2.279052734375,0.176727294921875,0.0
7.resid.23216,7,resid,23216,1.7999,0.0,0.0,4.528076171875,0.2906494140625,0.0
7.resid.25417,7,resid,25417,1.0142,0.0,0.0,6.46923828125,1.1517333984375,0.0
7.resid.27901,7,resid,27901,2.0961,0.0,0.0,8.27294921875,0.2388916015625,0.0
7.resid.28870,7,resid,28870,2.1664,0.0,0.0,9.21630859375,0.4853515625,0.0
8.attn.10959,8,attn,10959,0.9999,0.0,0.0,0.382415771484375,2.70465087890625,0.0
8.attn.12708,8,attn,12708,0.9972,0.0,0.0,0.978912353515625,2.339935302734375,0.0
0.mlp.6335,0,mlp,6335,1.4508,0.0,0.0,2.60400390625,3.7946319580078125,0.0
0.mlp.28957,0,mlp,28957,1.3332,0.0,0.0,3.510009765625,6.38525390625,0.0
0.mlp.29356,0,mlp,29356,0.6931,0.0,0.0,6.2958984375,10.203125,0.0
7.resid.132,7,resid,132,1.0027,0.0,0.0,8.5419921875,0.3275146484375,0.0
7.resid.9078,7,resid,9078,2.0124,0.0,0.0,5.72119140625,0.255615234375,0.0
7.resid.9788,7,resid,9788,1.463,0.0,0.0,6.62744140625,0.1480712890625,0.0
7.resid.18077,7,resid,18077,2.4596,0.0,0.0,12.1513671875,0.0770263671875,0.0
0.mlp.27056,0,mlp,27056,1.5836,0.0,0.0,6.60986328125,11.72705078125,0.0
0.mlp.27943,0,mlp,27943,2.6408,0.0,0.0,1.33203125,0.0498809814453125,0.0
0.mlp.15578,0,mlp,15578,1.0147,0.0,0.0,6.962890625,10.31103515625,0.0
0.mlp.15729,0,mlp,15729,1.2528,0.0,0.0,5.61181640625,9.57666015625,0.0
0.mlp.16020,0,mlp,16020,2.1956,0.0,0.0,0.962493896484375,0.02874755859375,0.0
1.mlp.4746,1,mlp,4746,1.4537,0.0,0.0,1.85107421875,2.422119140625,0.0
1.mlp.7771,1,mlp,7771,1.2992,0.0,0.0,1.7109375,1.44921875,0.0
1.mlp.9555,1,mlp,9555,1.1644,0.0,0.0,1.40997314453125,1.056884765625,0.0
1.mlp.11301,1,mlp,11301,0.907,0.0,0.0,2.0078125,2.72021484375,0.0
1.mlp.13419,1,mlp,13419,0.9916,0.0,0.0,2.3997802734375,0.075653076171875,0.0
1.mlp.18950,1,mlp,18950,1.4462,0.0,0.0,1.2821044921875,0.965087890625,0.0
0.mlp.20504,0,mlp,20504,0.8603,0.0,0.0,5.53076171875,6.3697509765625,0.0
0.attn.31285,0,attn,31285,0.9343,0.0,0.0,0.86376953125,0.9180908203125,0.0
