seed,layer,kind,n,passes,amp_any,near,worst_dev,free0_tk,freeM_topk_tk,freeN_topk_tk
11.attn.2510,11,attn,712,True,False,False,0.1506573651730615,0.861550845183794,0.8812809164280135,0.8493426348269385
11.attn.26313,11,attn,938,True,False,False,0.16549295774647887,0.971830985915493,0.8345070422535211,0.8908450704225352
11.attn.35622,11,attn,1067,True,False,False,0.1435874638808624,0.9397643920871305,0.8925589836660617,0.8564125361191376
11.attn.32581,11,attn,792,True,False,False,0.1925301810865191,0.8074698189134809,0.9923439340400471,0.8988933601609658
11.attn.24297,11,attn,494,True,False,False,0.4970760233918128,1.0350877192982457,1.4970760233918128,1.2690058479532165
11.mlp.30743,11,mlp,789,True,True,False,0.11159546643417606,0.8916001877053027,1.111595466434176,1.0776630689816988
11.mlp.3588,11,mlp,913,True,False,False,0.0432897304328973,1.0320878803208788,0.9567102695671027,1.0052757100527572
11.resid.20305,11,resid,972,True,True,False,0.14390294917381297,0.856097050826187,1.0521269877719732,0.8694833716795649
11.resid.2380,11,resid,1127,True,False,False,0.173310225303293,0.9690930098209127,1.0162281121423786,1.173310225303293
11.resid.13543,11,resid,757,True,False,False,0.19714858543105374,0.9643573178881711,0.8467271146441436,0.8028514145689463
11.resid.5209,11,resid,884,True,False,False,0.30486596324086634,1.0108415074858028,1.3048659632408663,1.289623128549303
11.resid.7008,11,resid,916,True,True,False,0.34459054646359544,0.885748502994012,1.3445905464635954,0.9616766467065868
11.resid.34404,11,resid,667,True,False,False,0.3640274230407312,0.9343697294126274,1.3640274230407312,1.3208183618097822
11.resid.33267,11,resid,1225,True,False,False,0.3656110169859681,0.9081967213114754,1.365611016985968,0.8137108792846498
11.resid.10297,11,resid,879,True,True,False,0.24853556485355655,1.0175732217573221,0.9076708507670851,1.2485355648535565
11.resid.15144,11,resid,518,True,False,False,0.042103932229106134,0.9697812618535845,0.9766089265393855,0.9578960677708939
11.resid.19251,11,resid,743,True,False,False,0.13252673044456953,0.9752391671356219,1.0982110763956092,0.8674732695554305
11.resid.24075,11,resid,868,True,True,False,0.17024726388325906,0.8619781110660721,1.0084925690021231,1.170247263883259
11.resid.12607,11,resid,877,True,True,False,0.3501183324230839,0.8672612801678908,1.3501183324230839,1.2381951731374607
11.resid.37348,11,resid,577,True,False,False,0.3093295653977919,0.969263010827803,1.3093295653977919,1.296192804750262
11.resid.21315,11,resid,766,True,False,False,0.3041560723036383,0.909393595919524,1.3041560723036383,0.9642958345140267
11.resid.14865,11,resid,831,True,True,False,0.3129368135786621,0.9693984489624816,1.312936813578662,1.0549151121358207
10.attn.25728,10,attn,413,True,False,False,0.1427696078431373,0.9920332525112574,1.1427696078431373,0.8756494631104953
10.mlp.17322,10,mlp,955,True,True,False,0.14334409759598132,0.8566559024040187,0.9598134194474345,0.9332615715823466
10.mlp.3141,10,mlp,564,True,True,False,0.09742120343839544,0.9025787965616046,0.9406095337327429,0.960927324824173
10.mlp.36798,10,mlp,1046,True,True,False,0.41429390407032285,0.9247246022031824,1.4142939040703228,1.0155038759689923
10.mlp.16102,10,mlp,712,True,False,False,0.16571771051842976,0.8342822894815702,1.0812106682649085,1.0554390170812107
10.mlp.2107,10,mlp,913,True,True,False,0.10884170014516736,1.0659422079525809,1.1088417001451674,1.0617436404050382
10.mlp.40572,10,mlp,808,True,False,False,0.039665970772442494,0.9886337276733936,0.9843941729855583,1.0396659707724425
10.mlp.21748,10,mlp,670,True,True,False,0.06956521739130439,0.9304347826086956,0.941988408880925,0.9662285136501517
10.mlp.30200,10,mlp,683,True,False,False,0.045454545454545414,0.9545454545454546,0.9951898987874537,1.0347773032336791
10.resid.32090,10,resid,1293,True,True,False,0.15288901601830662,0.8879433638443935,0.9013945052606254,0.8471109839816934
10.resid.5154,10,resid,1021,True,True,False,0.18816067653276947,0.9534883720930233,1.1425531026999958,1.1881606765327695
10.resid.23683,10,resid,493,True,True,False,0.18197552231425385,0.8720760233918129,1.1819755223142538,0.8746345029239766
10.resid.5693,10,resid,876,True,True,False,0.19682959048877136,1.010889627168697,1.1968295904887714,1.0148578811369509
10.resid.15285,10,resid,958,True,False,False,0.11569024618261137,0.8843097538173886,1.1104549678675564,0.9970395761919602
10.resid.16338,10,resid,698,True,False,False,0.16336528221512248,0.8366347177848775,1.1561786571445296,1.159531416400426
10.resid.40364,10,resid,813,True,True,False,0.3481591654611764,0.942995372318048,1.3481591654611764,1.254101809002945
10.resid.40520,10,resid,916,True,False,False,0.04569040069184205,0.954309599308158,0.9583063994828701,0.9927933121937158
10.resid.31581,10,resid,934,True,True,False,0.24536931168534193,0.9711868282643494,1.2082226325032648,1.245369311685342
10.resid.8458,10,resid,922,True,True,False,0.24584103512014788,1.0041589648798521,1.2014055911291581,1.2458410351201479
10.resid.29519,10,resid,875,True,True,False,0.37244780535919775,0.9275836972343523,1.3724478053591977,1.3546821931101407
10.resid.16908,10,resid,1022,True,True,False,0.19562759140595554,0.8492272898605352,0.9257258777115406,0.8043724085940445
10.resid.20081,10,resid,906,True,True,False,0.12666439832142462,0.915068493150685,1.1266643983214246,1.11986301369863
9.mlp.24426,9,mlp,663,True,True,False,0.1803813882532418,0.9099247412982127,0.8367091250783044,0.8196186117467582
9.mlp.30530,9,mlp,692,True,False,False,0.2569556948651124,0.8866354654186167,1.2569556948651124,1.1921476859074362
9.mlp.17059,9,mlp,577,True,True,False,0.12139388746072555,0.8786061125392745,1.01534238333396,0.9511568123393316
9.mlp.26893,9,mlp,523,True,False,False,0.44109788681078466,0.9566284779050737,1.4410978868107847,0.8381069285324605
9.mlp.10936,9,mlp,720,True,True,False,0.04992657856093985,0.9651248164464024,0.991740925885677,0.9500734214390602
9.mlp.504,9,mlp,667,True,True,False,0.12230634828188702,1.0034944670937682,1.0058212865043175,0.877693651718113
9.mlp.37684,9,mlp,910,True,False,False,0.09139784946236562,0.9598267622461171,0.9208658763826666,0.9086021505376344
9.mlp.26304,9,mlp,906,True,True,False,0.11287339389475404,0.9746650426309379,0.887126606105246,0.9658952496954933
9.mlp.10663,9,mlp,674,True,True,False,0.14051522248243553,0.9419572107765452,1.1405152224824355,0.9508716323296355
9.resid.16265,9,resid,919,True,True,False,0.07673267326732669,0.9561881188118811,0.9792079207920792,0.9232673267326733
9.resid.1558,9,resid,923,True,True,False,0.17162329615861216,1.0272614622057001,1.1716232961586122,1.143742255266419
9.resid.16961,9,resid,969,True,False,False,0.07085025648744514,0.9894475481067659,0.9291497435125549,0.9546865301055245
9.resid.17553,9,resid,815,True,True,False,0.23307313835543297,0.9712294496068621,1.233073138355433,1.2273052180128663
9.resid.20687,9,resid,856,True,True,False,0.2031256277369331,1.0036615134255493,1.203125627736933,1.1810414971521561
9.resid.28077,9,resid,929,True,True,False,0.24244521337946945,0.9898500576701269,1.2107398890842689,1.2424452133794694
9.resid.12209,9,resid,770,True,False,False,0.26471432672983064,0.9333907550961814,1.2462722462722462,1.2647143267298306
9.resid.20419,9,resid,728,True,True,False,0.13516718046004272,0.9957615894039735,1.1351671804600427,0.9067549668874172
9.resid.40252,9,resid,878,True,False,False,0.3510560087935304,0.8156091089984524,1.3510560087935304,1.3124032721644925
9.resid.16248,9,resid,861,True,True,False,0.38370210469508903,0.9584457636265515,1.3810654607043704,1.383702104695089
9.resid.11507,9,resid,838,True,True,False,0.22307259582329197,0.9109750859106529,1.223072595823292,1.157874248281787
9.resid.7640,9,resid,732,True,False,False,0.342641652906446,0.8863636363636364,1.342641652906446,0.9666105499438833
9.resid.16652,9,resid,838,True,False,False,0.1938298535369274,0.9735119975070116,0.9906327403737897,0.8061701464630726
9.resid.10751,9,resid,742,True,True,False,0.35162530583711993,0.8330618892508144,1.35162530583712,1.1001628664495113
9.resid.33488,9,resid,720,True,False,False,0.29279941219691397,0.9463607132417422,1.292799412196914,1.221134171294943
9.resid.16239,9,resid,640,True,True,False,0.12894461859979112,0.899885208265005,1.1289446185997911,1.105608396195474
9.resid.13754,9,resid,930,True,True,False,0.29546241773467274,0.8662971943193627,1.2807957666287093,1.2954624177346727
9.resid.39080,9,resid,912,True,True,False,0.3297577854671281,0.9612456747404844,0.8935906271536871,1.329757785467128
9.resid.39204,9,resid,850,True,False,False,0.26819261498596414,0.8614394993045897,1.2681926149859641,1.0584144645340752
9.resid.15432,9,resid,836,True,True,False,0.1559285327558203,0.8440714672441797,1.1241311006364287,1.097184623714131
9.resid.10889,9,resid,641,True,True,False,0.20626401250084925,0.8861750059283852,1.2062640125008492,0.8738439649039602
9.resid.7116,9,resid,830,True,True,False,0.30219166434193423,1.0364535063330245,1.3021916643419342,1.169601482854495
8.attn.29991,8,attn,492,True,False,False,0.18023384072358262,0.9673505404809177,1.039147455415398,0.8197661592764174
8.attn.21835,8,attn,382,True,True,False,0.11981566820276501,0.9767159835071549,1.0787343635025755,0.880184331797235
8.mlp.27487,8,mlp,844,True,False,False,0.41755793226381455,0.992721979621543,1.4175579322638145,1.200509461426492
8.mlp.26851,8,mlp,827,True,True,False,0.18367780796031652,1.042379182156134,1.1836778079603165,0.9966542750929368
8.mlp.16780,8,mlp,886,True,True,False,0.2099353521605989,0.863048656005444,0.952364749914937,1.2099353521605989
8.mlp.5382,8,mlp,509,True,True,False,0.09895269050198618,0.9682195738533766,1.0989526905019862,1.0119176598049837
8.mlp.2780,8,mlp,590,True,False,False,0.366634646173551,1.0333412434741338,1.366634646173551,1.0536307546274324
8.mlp.39707,8,mlp,619,True,False,False,0.17593564183280863,0.9884575026232949,0.8989157047918853,0.8240643581671914
8.mlp.37720,8,mlp,649,True,False,False,0.47478665632273076,1.0395713107996702,1.4747866563227308,1.3506457818081892
8.mlp.4209,8,mlp,828,True,True,False,0.3759683794466404,0.9135544528597545,1.3759683794466404,1.256202663880909
8.mlp.30978,8,mlp,1052,True,False,False,0.17525773195876293,0.8247422680412371,1.091221493283349,1.1433926897844424
8.mlp.32134,8,mlp,546,True,False,False,0.03106554830692765,0.9689344516930724,1.0310655483069275,1.0183286735010872
8.mlp.13431,8,mlp,707,True,True,False,0.0892857142857143,0.9107142857142857,1.0094686351460787,0.9811616954474097
8.resid.37719,8,resid,681,True,False,False,0.39408138101109746,0.9563288979870351,1.3940813810110975,1.0928010917775504
8.resid.77,8,resid,544,True,False,False,0.09074024940302472,1.0010612894667021,0.9472705763055602,0.9092597505969753
8.resid.17556,8,resid,822,True,False,False,0.17666379370588636,1.0439956725567976,1.1766637937058864,1.148575549945907
8.resid.35499,8,resid,665,True,False,False,0.4035302454422469,0.9850455136540962,1.403530245442247,1.340702210663199
8.resid.31054,8,resid,751,True,False,False,0.3255902272295714,1.0359758724687635,1.3255902272295714,1.162860835846618
8.resid.26524,8,resid,757,True,True,False,0.20342205323193907,0.9157160963244614,1.1202404809619237,1.203422053231939
8.resid.31289,8,resid,634,True,True,False,0.16675574559059325,0.982896846606093,0.9207455556425719,0.8332442544094067
8.resid.15025,8,resid,667,True,True,False,0.47984581131824666,1.0408516959643477,1.4798458113182467,1.2790294627383016
8.resid.36769,8,resid,846,True,False,False,0.35535647629712575,1.103023516237402,1.3553564762971257,1.2713699141470698
8.resid.40789,8,resid,606,True,True,False,0.033792871553463444,0.9836919973100202,1.0337928715534634,1.00773369199731
8.resid.23576,8,resid,689,True,False,False,0.3207725685948257,0.9935531862137367,1.3207725685948257,1.2072898586660055
8.resid.39528,8,resid,767,True,False,False,0.17380585516178737,0.9898305084745763,1.1738058551617874,1.1519260400616333
8.resid.14230,8,resid,774,True,True,False,0.3470149253731343,0.9494572591587517,1.3238361201413995,1.3470149253731343
8.resid.24673,8,resid,787,True,False,False,0.1673684210526316,0.8326315789473684,1.1521840148698885,1.0051674641148325
8.resid.8653,8,resid,579,True,True,False,0.36403285600058144,0.9520855614973261,1.3640328560005814,1.053475935828877
8.resid.10352,8,resid,786,True,True,False,0.13365888949177074,1.0113944655453067,1.1336588894917707,1.040332790739736
8.resid.23461,8,resid,891,True,True,False,0.1522230595327807,0.9446119065561417,1.1522230595327807,1.0056518462697814
8.resid.7581,8,resid,860,True,False,False,0.22703404330638977,0.9598597038191738,1.2270340433063898,1.0615744349181606
8.resid.36893,8,resid,777,True,True,False,0.47542924807578446,0.9064535227945529,1.4087695324104332,1.4754292480757845
8.resid.24367,8,resid,703,True,False,False,0.14576431613819207,0.9771121351766513,1.145764316138192,1.047004608294931
8.resid.8206,8,resid,655,True,True,False,0.232619536520974,0.9469052508066882,1.2177726294886646,1.232619536520974
8.resid.38525,8,resid,753,True,True,False,0.3660977045320777,0.9114184814596822,1.3660977045320777,1.3590347263095939
8.resid.27802,8,resid,752,True,False,False,0.19613006640714448,0.8447446759789329,1.0881531711208616,0.8038699335928555
7.attn.36332,7,attn,614,True,False,False,0.10697817399323706,0.9466646172763603,0.9974752787713024,0.8930218260067629
7.mlp.8702,7,mlp,729,True,True,False,0.13858695652173902,0.9427406832298136,1.1333549818693511,1.138586956521739
7.mlp.30825,7,mlp,589,True,True,False,0.3406411810069405,0.9768856447688564,1.3406411810069405,1.2837591240875912
7.mlp.9787,7,mlp,697,True,False,False,0.10266268346538521,0.9417731029301277,1.1026626834653852,0.9259954921111946
7.mlp.382,7,mlp,755,True,False,False,0.10170549084858571,0.8982945091514143,1.0727063686508533,1.0386855241264559
7.mlp.3167,7,mlp,795,True,True,False,0.2760380042844761,0.925907631513954,1.2760380042844761,1.0669301061990615
7.mlp.32601,7,mlp,572,True,True,False,0.09370677731673582,0.9062932226832642,0.997915071750851,0.9163208852005532
7.mlp.17324,7,mlp,740,True,True,False,0.20136432541687732,1.0159171298635674,1.1647296614451743,1.2013643254168773
7.mlp.39765,7,mlp,743,True,True,False,0.11282871357498225,0.8871712864250177,1.0735950450860734,1.0810234541577826
7.mlp.22626,7,mlp,817,True,True,False,0.36729339746392653,0.9497816593886463,1.3672933974639265,0.992721979621543
7.mlp.37588,7,mlp,512,True,False,False,0.2751931201719957,1.0317919075144508,1.2751931201719957,0.9871748554913294
7.mlp.34843,7,mlp,451,True,False,False,0.048563334682314885,0.9954225352112676,1.0485633346823149,0.9546836142580823
7.mlp.28807,7,mlp,628,True,True,False,0.12235717498875398,0.877642825011246,0.9761583445793972,0.938821412505623
7.mlp.24551,7,mlp,653,True,True,False,0.09962640099626396,0.9649232046492321,1.0616280065051784,1.099626400996264
7.mlp.24091,7,mlp,570,True,False,False,0.22377949077318382,0.9243046776232617,1.2237794907731838,1.1052465233881164
7.mlp.33244,7,mlp,553,True,True,False,0.06596701649175407,0.9779777862887783,0.9340329835082459,0.9458062045193413
7.mlp.15830,7,mlp,543,True,True,False,0.098901098901099,0.9489214489214489,1.098901098901099,1.0793650793650793
7.resid.37098,7,resid,835,True,True,False,0.2846879209699147,0.9629546475078581,1.1372032808850423,1.2846879209699147
7.resid.3892,7,resid,739,True,True,False,0.14607744957902868,0.9768183135323095,1.1460774495790287,1.048391770501304
7.resid.33527,7,resid,601,True,True,False,0.35142264933107215,1.0593555681175806,1.3122291313359713,1.3514226493310721
7.resid.26101,7,resid,528,True,False,False,0.17759805557528563,0.9434052757793765,0.8224019444247144,1.1434052757793765
7.resid.34018,7,resid,653,True,False,False,0.12470238095238095,0.9258928571428572,1.042828008157716,0.875297619047619
7.resid.39877,7,resid,692,True,True,False,0.17155375800471862,1.01314459049545,1.1706055273999305,1.1715537580047186
7.resid.21451,7,resid,651,True,True,False,0.33774333774333765,1.01001701001701,1.3377433377433376,1.2916272916272917
7.resid.20326,7,resid,726,True,True,False,0.19113355780022445,1.0044893378226711,1.1122339918476076,1.1911335578002245
7.resid.80,7,resid,599,True,True,False,0.3417475728155339,0.9134615384615384,1.341747572815534,1.3285714285714285
7.resid.19775,7,resid,809,True,True,False,0.41321499013806706,0.9329388560157791,1.3878657235766372,1.413214990138067
7.resid.14946,7,resid,638,True,True,False,0.4755503276760209,0.978501045088086,1.475550327676021,1.4738727978501045
7.resid.30299,7,resid,586,True,True,False,0.16613406286108856,0.9250243427458618,1.1661340628610886,1.1249594287568971
7.resid.25121,7,resid,924,True,False,False,0.3892152748636173,1.031682752832564,1.0558120016785564,1.3892152748636173
7.resid.32519,7,resid,696,True,True,False,0.3027408637873754,0.9935631229235881,1.3027408637873754,1.2105481727574752
7.resid.10570,7,resid,555,True,True,False,0.07685885662175518,1.0249137600613263,1.0768588566217552,1.0571100038328862
7.resid.9780,7,resid,697,True,True,False,0.1476489028213166,0.9329153605015674,0.9510971786833856,0.8523510971786834
7.resid.4492,7,resid,657,True,True,False,0.3351113900219642,1.0291810480075305,1.311836269683037,1.3351113900219642
7.resid.18158,7,resid,653,True,True,False,0.08384332925336602,0.916156670746634,1.072827417380661,1.0480416156670747
7.resid.38548,7,resid,530,True,False,False,0.49340993578911796,0.9597837107130788,1.493409935789118,1.4227779655288948
7.resid.21001,7,resid,599,True,True,False,0.10748640013815736,1.0664921465968586,0.8925135998618426,0.9643979057591623
7.resid.10790,7,resid,602,True,False,False,0.13106796116504849,1.0,1.1310679611650485,1.0679611650485437
7.resid.34948,7,resid,883,True,False,False,0.12998835657285657,0.9060773480662984,1.1299883565728566,0.9608897935446351
7.resid.3281,7,resid,551,True,True,False,0.30313795145056255,1.040528022232515,1.3031379514505625,1.221861973135711
7.resid.6740,7,resid,643,True,False,False,0.02988694815785442,1.0229038854805725,0.9701130518421456,1.0157464212678937
7.resid.30866,7,resid,780,True,False,False,0.4114307342922028,0.8730128690386071,1.4114307342922028,1.3936411809235427
7.resid.12579,7,resid,598,True,False,False,0.38853503184713367,0.9984076433121019,1.3885350318471337,1.3402335456475585
7.resid.8604,7,resid,658,True,True,False,0.38291908054569235,1.0065408334890675,1.376638486000155,1.3829190805456923
6.mlp.24596,6,mlp,550,True,False,False,0.14601182575117655,0.8539881742488235,1.0196693616507784,0.8882587184747195
6.mlp.14884,6,mlp,544,True,False,False,0.06251713737318343,0.9374828626268166,0.9981318388043768,0.9380838003736323
6.mlp.1638,6,mlp,429,True,True,False,0.13190476190476197,0.9990476190476191,1.131904761904762,1.1114285714285714
6.mlp.19182,6,mlp,560,True,True,False,0.2760387023335231,0.9834542157751587,1.2154240182128628,1.2760387023335231
6.mlp.39431,6,mlp,738,True,True,False,0.07835703001579786,0.9473933649289099,1.0783570300157979,1.0006319115323854
6.mlp.20927,6,mlp,556,True,False,False,0.15409612169449227,0.938137321549966,1.1540961216944923,1.0339904826648538
6.mlp.752,6,mlp,728,True,True,False,0.13434125269978403,0.865658747300216,0.9909287257019438,0.9777537796976242
6.mlp.2550,6,mlp,508,True,True,False,0.18125868572563042,1.0327575938058369,1.1812586857256304,1.139964264443121
6.mlp.20793,6,mlp,702,True,True,False,0.25068119891008167,0.922948834392976,1.2506811989100817,1.217378141083863
6.mlp.17823,6,mlp,630,True,False,False,0.22008733624454146,0.9819505094614265,1.2200873362445415,1.0704512372634643
6.mlp.33631,6,mlp,584,True,False,False,0.12726749208177368,0.9231212208465304,0.9121796717535272,0.8727325079182263
6.mlp.9524,6,mlp,607,True,False,False,0.14200848656294196,0.857991513437058,0.9660537482319661,0.9318246110325318
6.mlp.26502,6,mlp,652,True,False,False,0.17125125796712515,0.9833948339483395,0.9882245984674661,0.8287487420328749
6.mlp.7653,6,mlp,491,True,True,False,0.13306058834989287,0.8669394116501071,1.0414962010520163,1.0208455094486655
6.mlp.1918,6,mlp,1048,True,True,False,0.1654775604142693,0.8845799769850403,1.1654775604142693,1.0962025316455697
6.mlp.24910,6,mlp,461,True,True,False,0.23396044380125414,1.0192957067052582,1.2233478051133624,1.2339604438012541
6.mlp.9351,6,mlp,526,True,True,False,0.0724182318989024,0.9672022892361876,1.0724182318989024,1.0451243671582655
6.mlp.29842,6,mlp,663,True,True,False,0.08590371865090796,1.085903718650908,1.0501585471317383,0.9806860766791583
6.mlp.24900,6,mlp,532,True,False,False,0.15576245596376448,1.0161046804227478,0.9498175766498111,0.8442375440362355
6.mlp.11274,6,mlp,684,True,False,False,0.16445100935499757,0.8355489906450024,0.914574101427868,0.8370260955194485
6.mlp.40351,6,mlp,630,True,True,False,0.14487743557511001,0.85512256442489,1.048397234443746,0.9553739786297926
6.mlp.11974,6,mlp,396,True,True,False,0.21929608663549094,0.9635737140044303,1.219296086635491,1.2094511444745262
6.mlp.27903,6,mlp,532,True,False,False,0.1644444444444444,0.9621052631578947,1.1644444444444444,1.1256140350877193
6.mlp.24408,6,mlp,549,True,True,False,0.05610055180870632,0.964438994481913,1.0281861678990865,1.0561005518087063
6.resid.26491,6,resid,589,True,True,False,0.14741876494584327,0.9755452742894911,0.8525812350541567,1.0846001321877066
6.resid.20241,6,resid,621,True,True,False,0.3407325194228634,1.0392156862745099,1.312179957036396,1.3407325194228634
6.resid.26016,6,resid,561,True,False,False,0.18377678361196137,0.964916411584648,0.8838228135648223,0.8162232163880386
6.resid.32916,6,resid,506,True,True,False,0.21930809575967936,1.0481761871988988,1.2193080957596794,1.207157604955265
6.resid.12225,6,resid,595,True,True,False,0.2664797420440208,1.0244161358811041,1.2664797420440208,1.2016985138004246
6.resid.36079,6,resid,519,True,False,False,0.19485140226036002,0.9679782335705316,0.80514859773964,0.852762662201758
6.resid.40406,6,resid,557,True,True,False,0.25086668767727693,0.9498896942956193,1.250866687677277,1.1370942325874567
6.resid.2850,6,resid,449,True,True,False,0.15076923076923077,0.8792307692307693,1.148076923076923,1.1507692307692308
6.resid.18234,6,resid,721,True,False,False,0.42964724534284593,1.0527150217994452,1.429647245342846,1.3297661514070551
6.resid.26490,6,resid,582,True,False,False,0.23786147804355595,0.9491253123884327,1.237861478043556,1.1212067118886113
6.resid.14548,6,resid,482,True,False,False,0.18622769540085438,0.8831364664488565,1.1862276954008544,1.182206584568987
6.resid.2769,6,resid,594,True,True,False,0.19329438658877307,1.0690881381762765,1.1598026360983593,1.193294386588773
6.resid.32361,6,resid,551,True,True,False,0.10486177311725453,0.9785510009532888,1.0962695547533092,1.1048617731172545
6.resid.16076,6,resid,530,True,False,False,0.42445751368890683,0.9835733117014804,1.4244575136889068,1.353072399107686
6.resid.20376,6,resid,637,True,True,False,0.26887941534713766,0.8684531059683313,1.2688794153471377,1.253958587088916
6.resid.38574,6,resid,441,True,False,False,0.31565281899109787,1.0875370919881306,1.274480712166172,1.3156528189910979
6.resid.9456,6,resid,594,True,False,False,0.15386584499028833,0.9127324749642346,1.1538658449902883,1.0498927038626609
6.resid.7651,6,resid,653,True,False,False,0.46926846080762274,0.9722293648752893,1.4692684608076227,1.456415530984829
6.resid.20283,6,resid,704,True,True,False,0.17272832907273994,0.9754822217057867,0.9162212409946549,0.8272716709272601
6.resid.23475,6,resid,845,True,False,False,0.15912616339193386,0.8408738366080661,0.9097724922440538,0.8638831437435367
6.resid.16645,6,resid,556,True,True,False,0.3516171550238265,0.8495088408644401,1.3516171550238265,1.2946954813359528
6.resid.1508,6,resid,556,True,True,False,0.30457561997904303,1.0422633601117708,1.1595365842077774,1.304575619979043
6.resid.8894,6,resid,542,True,True,False,0.3523399677245831,1.0317374932759549,1.2895433841696204,1.352339967724583
6.resid.21992,6,resid,693,True,True,False,0.14528650646950103,1.0678373382624768,1.145286506469501,1.13271719038817
6.resid.28153,6,resid,422,True,False,False,0.47714188960379267,1.0111750761937013,1.4449712157128345,1.4771418896037927
